id;chapter_id;lesson_number;title_jp;title_id;content;xp_reward;sort_order;created_at
23805733-a636-4397-8818-c59c7ec3b821;eb64def6-656d-4f5f-9883-df6d449aa077;1;おはよう・こんにちは;Salam Pagi dan Siang;"{""type"":""vocabulary""}";10;1;2026-01-22 07:50:48.669119+00
08ae6695-7d7e-4aa4-803c-d39367a23306;eb64def6-656d-4f5f-9883-df6d449aa077;2;こんばんは・さようなら;Salam Malam dan Perpisahan;"{""type"":""vocabulary""}";10;2;2026-01-22 07:50:48.669119+00
9213f2d3-6215-487a-bfe9-12388279f452;eb64def6-656d-4f5f-9883-df6d449aa077;3;ありがとうございます;Terima Kasih;"{""type"":""vocabulary""}";10;3;2026-01-22 07:50:48.669119+00
9c51c1e2-6920-4d9e-8c1e-4139c3f7da25;eb64def6-656d-4f5f-9883-df6d449aa077;4;すみません・ごめんなさい;Permisi dan Maaf;"{""type"":""vocabulary""}";10;4;2026-01-22 07:50:48.669119+00
abf37b18-1991-478c-ba3c-2f308517c48c;eb64def6-656d-4f5f-9883-df6d449aa077;5;はい・いいえ;Ya dan Tidak;"{""type"":""vocabulary""}";10;5;2026-01-22 07:50:48.669119+00
0a43b020-f70f-40cf-b704-a7bcb5e00941;eb64def6-656d-4f5f-9883-df6d449aa077;6;会話練習;Latihan Percakapan;"{""type"":""dialogue""}";15;6;2026-01-22 07:50:48.669119+00
70df3423-1182-4ba9-ad90-3dcb588de0d7;eb64def6-656d-4f5f-9883-df6d449aa077;7;まとめ;Ringkasan Bab 1;"{""type"":""reading""}";10;7;2026-01-22 07:50:48.669119+00
f572a17e-78cb-4081-8198-85a9ee259930;eb64def6-656d-4f5f-9883-df6d449aa077;8;クイズ;Quiz Bab 1;"{""type"":""quiz""}";25;8;2026-01-22 07:50:48.669119+00
35b7b218-a6a7-4c39-b82b-43e87ff1241b;16860596-f9a4-41d2-bdfc-c5d36a81e408;1;はじめまして;Salam Perkenalan;{};15;1;2026-01-22 11:16:24.012791+00
96335759-3131-45e4-a0d4-8b43475a8381;16860596-f9a4-41d2-bdfc-c5d36a81e408;2;名前と出身;Nama dan Asal;{};15;2;2026-01-22 11:16:24.012791+00
d2784789-02f7-49bf-8954-ddd4fd52acbe;16860596-f9a4-41d2-bdfc-c5d36a81e408;3;仕事と会社;Pekerjaan dan Perusahaan;{};20;3;2026-01-22 11:16:24.012791+00
d0a42295-dc2d-46f8-9ecf-7d14d7f09bd4;16860596-f9a4-41d2-bdfc-c5d36a81e408;4;自己紹介のパターン;Pola Perkenalan Diri;"{""lesson_type"":""grammar"",""patterns"":[{""examples"":[{""id"":""Salam kenal. Saya Budi. Mohon bantuannya."",""ja"":""はじめまして。ブディです。よろしくおねがいします。"",""reading"":""Hajimemashite. Budi desu. Yoroshiku onegaishimasu.""},{""id"":""Salam kenal. Saya Sari. Mohon bantuannya."",""ja"":""はじめまして。サリです。よろしくおねがいします。"",""reading"":""Hajimemashite. Sari desu. Yoroshiku onegaishimasu.""}],""formula"":""はじめまして。[Nama]です。よろしくおねがいします。"",""meaning"":""Salam kenal. Saya [Nama]. Mohon bantuannya."",""pattern_name"":""Pola Dasar Perkenalan"",""reading"":""Hajimemashite. [Nama] desu. Yoroshiku onegaishimasu.""},{""examples"":[{""id"":""Saya datang dari Indonesia."",""ja"":""インドネシアから来ました。"",""reading"":""Indonesia kara kimashita.""},{""id"":""Saya datang dari Jakarta."",""ja"":""ジャカルタから来ました。"",""reading"":""Jakarta kara kimashita.""},{""id"":""Saya datang dari Surabaya."",""ja"":""スラバヤから来ました。"",""reading"":""Surabaya kara kimashita.""}],""formula"":""[Negara/Kota]から来ました。"",""meaning"":""Saya datang dari [Negara/Kota]."",""pattern_name"":""Menyebutkan Asal"",""reading"":""[Negara/Kota] kara kimashita.""},{""examples"":[{""id"":""Saya orang Indonesia."",""ja"":""わたしはインドネシア人です。"",""reading"":""Watashi wa Indonesia-jin desu.""},{""id"":""Tanaka adalah orang Jepang."",""ja"":""田中さんは日本人です。"",""reading"":""Tanaka-san wa Nihon-jin desu.""}],""formula"":""わたしは[Negara]人です。"",""meaning"":""Saya orang [Negara]."",""pattern_name"":""Menyebutkan Kebangsaan"",""reading"":""Watashi wa [Negara]-jin desu.""},{""examples"":[{""id"":""Saya bekerja di pabrik."",""ja"":""工場で働いています。"",""reading"":""Koujou de hataraite imasu.""},{""id"":""Saya bekerja di Toyota."",""ja"":""トヨタで働いています。"",""reading"":""Toyota de hataraite imasu.""}],""formula"":""[Tempat]で働いています。"",""meaning"":""Saya bekerja di [Tempat]."",""pattern_name"":""Menyebutkan Pekerjaan"",""reading"":""[Tempat] de hataraite imasu.""},{""examples"":[{""id"":""Salam kenal. Nama saya Budi. Saya datang dari Indonesia. Saya bekerja sebagai peserta magang di pabrik ABC. Mohon bimbingannya."",""ja"":""はじめまして。ブディと申します。インドネシアから参りました。ABC工場で研修生として働いております。どうぞよろしくおねがいいたします。"",""reading"":""Hajimemashite. Budi to moushimasu. Indonesia kara mairimashita. ABC koujou de kenshuusei toshite hataraite orimasu. Douzo yoroshiku onegai itashimasu.""}],""formula"":""はじめまして。[Nama]と申します。[Negara]から参りました。[Perusahaan]で研修生として働いております。どうぞよろしくおねがいいたします。"",""meaning"":""Salam kenal. Nama saya [Nama]. Saya datang dari [Negara]. Saya bekerja sebagai peserta magang di [Perusahaan]. Mohon bimbingannya."",""note"":""Ini adalah versi SANGAT FORMAL yang digunakan saat perkenalan di perusahaan Jepang."",""pattern_name"":""Perkenalan Lengkap (Formal)"",""reading"":""Hajimemashite. [Nama] to moushimasu. [Negara] kara mairimashita. [Perusahaan] de kenshuusei toshite hataraite orimasu. Douzo yoroshiku onegai itashimasu.""}],""tips"":[""Selalu mulai dengan「はじめまして」saat pertama kali bertemu"",""Akhiri dengan「よろしくおねがいします」"",""Di tempat kerja Jepang, gunakan bahasa yang lebih sopan"",""Saat memperkenalkan diri ke atasan, gunakan「〜と申します」bukan「〜です」""]}";25;4;2026-01-22 11:27:04.084269+00
39e9480c-f588-45bf-a135-f298087d5ccb;16860596-f9a4-41d2-bdfc-c5d36a81e408;5;会話練習;Latihan Percakapan;"{""cultural_note"":""Di Jepang, ketika dipuji, orang biasanya merendah dengan mengatakan「いいえ、まだまだです」(Tidak, masih jauh). Ini menunjukkan kerendahan hati yang sangat dihargai dalam budaya Jepang."",""dialogues"":[{""line_id"":""Selamat pagi. Apakah Anda peserta magang baru?"",""line_ja"":""おはようございます。新しい研修生ですか。"",""line_reading"":""Ohayou gozaimasu. Atarashii kenshuusei desu ka."",""role"":""Supervisor"",""speaker"":""田中さん (Tanaka-san)""},{""line_id"":""Ya, benar. Salam kenal. Nama saya Budi. Saya datang dari Indonesia."",""line_ja"":""はい、そうです。はじめまして。ブディと申します。インドネシアから来ました。"",""line_reading"":""Hai, sou desu. Hajimemashite. Budi to moushimasu. Indonesia kara kimashita."",""role"":""Trainee"",""speaker"":""ブディ (Budi)""},{""line_id"":""Saya Tanaka. Senang berkenalan. Dari mana di Indonesia?"",""line_ja"":""田中です。よろしくおねがいします。インドネシアのどこから来ましたか。"",""line_reading"":""Tanaka desu. Yoroshiku onegaishimasu. Indonesia no doko kara kimashita ka."",""role"":""Supervisor"",""speaker"":""田中さん""},{""line_id"":""Saya datang dari Jakarta."",""line_ja"":""ジャカルタから来ました。"",""line_reading"":""Jakarta kara kimashita."",""role"":""Trainee"",""speaker"":""ブディ""},{""line_id"":""Oh begitu. Bahasa Jepangnya bagus ya."",""line_ja"":""そうですか。日本語が上手ですね。"",""line_reading"":""Sou desu ka. Nihongo ga jouzu desu ne."",""role"":""Supervisor"",""speaker"":""田中さん""},{""line_id"":""Tidak, masih jauh. Mohon bimbingannya ke depannya."",""line_ja"":""いいえ、まだまだです。これからもよろしくおねがいします。"",""line_reading"":""Iie, mada mada desu. Kore kara mo yoroshiku onegaishimasu."",""role"":""Trainee"",""speaker"":""ブディ""},{""line_id"":""Saya juga. Semangat ya."",""line_ja"":""こちらこそ。がんばってください。"",""line_reading"":""Kochira koso. Ganbatte kudasai."",""role"":""Supervisor"",""speaker"":""田中さん""}],""lesson_type"":""dialogue"",""scenario"":""Budi adalah peserta magang baru di pabrik. Hari pertama, dia bertemu dengan supervisornya, Tanaka-san."",""vocabulary_highlight"":[{""meaning"":""baru"",""reading"":""atarashii"",""word"":""新しい""},{""meaning"":""pandai/bagus"",""reading"":""jouzu"",""word"":""上手""},{""meaning"":""masih jauh/belum"",""reading"":""mada mada"",""word"":""まだまだ""},{""meaning"":""mulai sekarang/ke depannya"",""reading"":""kore kara"",""word"":""これから""}]}";20;5;2026-01-22 11:29:04.592068+00
d2ccd383-b92d-4322-a50f-348318b95250;16860596-f9a4-41d2-bdfc-c5d36a81e408;6;クイズ;Kuis Bab 2;"{""description"":""Uji pemahamanmu tentang perkenalan diri dalam bahasa Jepang"",""lesson_type"":""quiz""}";30;6;2026-01-22 11:30:32.293596+00
86d5aad8-975c-4a3a-ada1-bc0d6a8168ca;667de6aa-3fdb-43cd-a464-57181d0aafbf;1;すうじ 1-10;Angka 1-10;"{""description"":""Belajar angka 1-10 dalam bahasa Jepang"",""lesson_type"":""vocabulary""}";15;1;2026-01-22 12:20:06.736793+00
7e702dea-7d7e-44ff-a33e-cc48b7b1de42;667de6aa-3fdb-43cd-a464-57181d0aafbf;2;すうじ 11-100;Angka 11-100;"{""description"":""Belajar angka 11-100 dalam bahasa Jepang"",""lesson_type"":""vocabulary""}";15;2;2026-01-22 12:23:31.561788+00
357d4e4f-8c50-453d-ae70-3aa6b102763a;667de6aa-3fdb-43cd-a464-57181d0aafbf;3;すうじ 100-10,000;Angka 100-10.000;"{""description"":""Belajar angka besar dan perubahan bunyi dalam bahasa Jepang"",""lesson_type"":""vocabulary""}";15;3;2026-01-22 12:25:39.778629+00
40ab9f17-20cb-4803-ab51-d686c18c2a13;667de6aa-3fdb-43cd-a464-57181d0aafbf;4;なんばん・いくつ;Menanyakan Jumlah;"{""description"":""Belajar cara menanyakan jumlah dengan いくつ dan 何+counter"",""lesson_type"":""grammar"",""patterns"":[{""formula"":""[Benda]はいくつありますか。"",""meaning"":""Ada berapa [benda]?"",""note"":""「いくつ」digunakan dengan counter「〜つ」(universal)"",""pattern_name"":""Menanyakan Jumlah Universal""},{""formula"":""[Benda]は何[Counter]ありますか。"",""meaning"":""Ada berapa [benda]?"",""pattern_name"":""Menanyakan dengan Counter Spesifik""}],""question_word_summary"":[{""usage"":""Berapa (dengan counter 〜つ)"",""word"":""いくつ""},{""usage"":""Berapa buah (benda kecil bulat)"",""word"":""何個 (なんこ)""},{""usage"":""Berapa orang"",""word"":""何人 (なんにん)""},{""usage"":""Berapa batang (benda panjang)"",""word"":""何本 (なんぼん)""},{""usage"":""Berapa lembar (benda tipis)"",""word"":""何枚 (なんまい)""},{""usage"":""Berapa unit (mesin/kendaraan)"",""word"":""何台 (なんだい)""}],""tips"":[""「いくつ」adalah cara paling aman jika tidak yakin counter yang tepat"",""「ある」untuk benda mati,「いる」untuk makhluk hidup"",""Di tempat kerja, sering ditanya「何個いりますか」(butuh berapa?)""]}";20;4;2026-01-22 12:35:21.644944+00
cb56d1ce-f315-4182-a236-0b641ff05a29;667de6aa-3fdb-43cd-a464-57181d0aafbf;5;かぞえかた;Cara Menghitung (Counter Words);"{""counters"":[{""counter"":""〜つ"",""example"":{""id"":""Tolong tiga apel."",""ja"":""りんごを三つください。"",""reading"":""Ringo wo mittsu kudasai.""},""numbers"":[{""num"":1,""reading"":""ひとつ (hitotsu)""},{""num"":2,""reading"":""ふたつ (futatsu)""},{""num"":3,""reading"":""みっつ (mittsu)""},{""num"":4,""reading"":""よっつ (yottsu)""},{""num"":5,""reading"":""いつつ (itsutsu)""},{""num"":6,""reading"":""むっつ (muttsu)""},{""num"":7,""reading"":""ななつ (nanatsu)""},{""num"":8,""reading"":""やっつ (yattsu)""},{""num"":9,""reading"":""ここのつ (kokonotsu)""},{""num"":10,""reading"":""とお (too)""}],""reading"":""~tsu"",""usage"":""Benda umum (bentuk universal)""},{""counter"":""〜人"",""example"":{""id"":""Pergi makan bertiga."",""ja"":""三人で食べに行きます。"",""reading"":""San-nin de tabe ni ikimasu.""},""note"":""1 orang = ひとり, 2 orang = ふたり (pengecualian)"",""numbers"":[{""num"":1,""reading"":""ひとり (hitori)""},{""num"":2,""reading"":""ふたり (futari)""},{""num"":3,""reading"":""さんにん (san-nin)""},{""num"":4,""reading"":""よにん (yo-nin)""},{""num"":5,""reading"":""ごにん (go-nin)""}],""reading"":""~nin"",""usage"":""Menghitung orang""},{""counter"":""〜個"",""example"":{""id"":""Saya membeli 6 butir telur."",""ja"":""たまごを六個買いました。"",""reading"":""Tamago wo rokko kaimashita.""},""numbers"":[{""num"":1,""reading"":""いっこ (ikko)""},{""num"":2,""reading"":""にこ (ni-ko)""},{""num"":3,""reading"":""さんこ (san-ko)""},{""num"":6,""reading"":""ろっこ (rokko)""},{""num"":10,""reading"":""じっこ (jukko)""}],""reading"":""~ko"",""usage"":""Benda kecil dan bulat""},{""counter"":""〜本"",""example"":{""id"":""Tolong tiga pulpen."",""ja"":""ペンを三本ください。"",""reading"":""Pen wo san-bon kudasai.""},""numbers"":[{""num"":1,""reading"":""いっぽん (ippon)""},{""num"":2,""reading"":""にほん (ni-hon)""},{""num"":3,""reading"":""さんぼん (san-bon)""},{""num"":6,""reading"":""ろっぽん (roppon)""},{""num"":10,""reading"":""じゅっぽん (juppon)""}],""reading"":""~hon"",""usage"":""Benda panjang dan silindris""},{""counter"":""〜枚"",""example"":{""id"":""Tolong lima lembar kertas."",""ja"":""紙を五枚ください。"",""reading"":""Kami wo go-mai kudasai.""},""numbers"":[{""num"":1,""reading"":""いちまい (ichi-mai)""},{""num"":2,""reading"":""にまい (ni-mai)""},{""num"":3,""reading"":""さんまい (san-mai)""}],""reading"":""~mai"",""usage"":""Benda tipis dan datar""},{""counter"":""〜台"",""example"":{""id"":""Ada dua mobil."",""ja"":""車が二台あります。"",""reading"":""Kuruma ga ni-dai arimasu.""},""numbers"":[{""num"":1,""reading"":""いちだい (ichi-dai)""},{""num"":2,""reading"":""にだい (ni-dai)""},{""num"":3,""reading"":""さんだい (san-dai)""}],""reading"":""~dai"",""usage"":""Mesin dan kendaraan""}],""introduction"":""Dalam bahasa Jepang, kita menggunakan kata bantu bilangan (counter) yang berbeda tergantung jenis benda yang dihitung."",""lesson_type"":""grammar"",""tips"":[""Untuk benda yang tidak tahu counter-nya, gunakan「〜つ」"",""Counter「〜つ」hanya sampai 10, setelahnya gunakan counter spesifik"",""Perhatikan perubahan bunyi (rendaku) pada beberapa angka"",""Di tempat kerja,「〜台」sering digunakan untuk mesin dan peralatan""],""title"":""Cara Menghitung (Counter Words)""}";25;5;2026-01-22 12:38:38.897355+00
2198cfcd-a9e1-4573-9e61-df8ec66abda4;667de6aa-3fdb-43cd-a464-57181d0aafbf;6;ねだん・おかね;Harga dan Uang;"{""description"":""Belajar kosakata tentang harga, uang, dan transaksi jual-beli dalam bahasa Jepang"",""key_phrases"":[{""id"":""Ini berapa harganya?"",""ja"":""これはいくらですか。""},{""id"":""Totalnya berapa?"",""ja"":""全部でいくらですか。""},{""id"":""Agak mahal ya."",""ja"":""ちょっと高いですね。""},{""id"":""Tolong kembaliannya."",""ja"":""おつりをください。""}],""lesson_type"":""vocabulary"",""tips"":[""「いくら」digunakan khusus untuk menanyakan harga"",""Mata uang Jepang adalah円 (en/yen)"",""Di Jepang, tawar-menawar tidak umum di toko biasa""]}";20;6;2026-01-22 12:40:33.869878+00
9d2de7ac-3ad5-4fcd-b7bf-b77b4a40195e;667de6aa-3fdb-43cd-a464-57181d0aafbf;7;かいわれんしゅう;Latihan Percakapan - Berbelanja di Konbini;"{""cultural_note"":""Di konbini Jepang, kasir akan selalu menyapa dengan「いらっしゃいませ」dan mengucapkan terima kasih di akhir. Kita tidak perlu membalas「いらっしゃいませ」, cukup tersenyum atau mengangguk saja."",""dialogues"":[{""line_id"":""Selamat datang."",""line_ja"":""いらっしゃいませ。"",""line_reading"":""Irasshaimase."",""role"":""Kasir"",""speaker"":""店員 (Ten'in)""},{""line_id"":""Permisi, onigiri ini berapa?"",""line_ja"":""すみません、このおにぎりはいくらですか。"",""line_reading"":""Sumimasen, kono onigiri wa ikura desu ka."",""role"":""Customer"",""speaker"":""ブディ (Budi)""},{""line_id"":""Itu 150 yen."",""line_ja"":""それは百五十円です。"",""line_reading"":""Sore wa hyaku-go-juu-en desu."",""role"":""Kasir"",""speaker"":""店員""},{""line_id"":""Kalau begitu, tolong ini dua. Dan juga satu botol teh."",""line_ja"":""じゃあ、これを二つください。あと、お茶も一本ください。"",""line_reading"":""Jaa, kore wo futatsu kudasai. Ato, ocha mo ippon kudasai."",""role"":""Customer"",""speaker"":""ブディ""},{""line_id"":""Baik. Totalnya 450 yen."",""line_ja"":""かしこまりました。全部で四百五十円です。"",""line_reading"":""Kashikomarimashita. Zenbu de yon-hyaku-go-juu-en desu."",""role"":""Kasir"",""speaker"":""店員""},{""line_id"":""Dengan uang 1000 yen."",""line_ja"":""千円でおねがいします。"",""line_reading"":""Sen-en de onegaishimasu."",""role"":""Customer"",""speaker"":""ブディ""},{""line_id"":""Kembaliannya 550 yen. Terima kasih."",""line_ja"":""五百五十円のおつりです。ありがとうございました。"",""line_reading"":""Go-hyaku-go-juu-en no otsuri desu. Arigatou gozaimashita."",""role"":""Kasir"",""speaker"":""店員""},{""line_id"":""Terima kasih."",""line_ja"":""ありがとうございます。"",""line_reading"":""Arigatou gozaimasu."",""role"":""Customer"",""speaker"":""ブディ""}],""lesson_type"":""dialogue"",""scenario"":""Budi membeli beberapa barang di konbini (minimarket) setelah pulang kerja."",""title"":""Latihan Percakapan - Berbelanja di Konbini"",""vocabulary_highlight"":[{""meaning"":""Selamat datang (di toko)"",""word"":""いらっしゃいませ""},{""meaning"":""Baik, saya mengerti (sangat sopan)"",""word"":""かしこまりました""},{""meaning"":""Nasi kepal"",""word"":""おにぎり""},{""meaning"":""Teh"",""word"":""お茶""}]}";25;7;2026-01-22 12:42:32.420868+00
b387c766-953e-48ad-be3d-95bf60ef37a3;667de6aa-3fdb-43cd-a464-57181d0aafbf;8;クイズ;Quiz Bab 3 - Angka;"{""description"":""Uji pemahamanmu tentang angka, counter, dan transaksi belanja dalam bahasa Jepang"",""lesson_type"":""quiz"",""pass_score"":60,""time_limit_minutes"":10,""topics_covered"":[""Angka 0-10"",""Angka 11-100"",""Angka besar (100-10.000)"",""Counter (〜つ, 〜人, 〜本, 〜枚, 〜個, 〜台)"",""Menanyakan jumlah"",""Harga dan uang""]}";30;8;2026-01-22 12:45:00.480512+00
b1b2c3d4-0001-5678-9abc-def012345678;a1b2c3d4-1234-5678-9abc-def012345678;1;じかん;Jam (時);"{""focus"":""hours"",""type"":""vocabulary""}";10;1;2026-01-22 13:50:11.798634+00
b1b2c3d4-0002-5678-9abc-def012345678;a1b2c3d4-1234-5678-9abc-def012345678;2;ふん・ぷん;Menit (分);"{""focus"":""minutes"",""type"":""vocabulary""}";10;2;2026-01-22 13:50:11.798634+00
b1b2c3d4-0003-5678-9abc-def012345678;a1b2c3d4-1234-5678-9abc-def012345678;3;ようび;Hari dalam Seminggu;"{""focus"":""days_of_week"",""type"":""vocabulary""}";10;3;2026-01-22 13:50:11.798634+00
b1b2c3d4-0004-5678-9abc-def012345678;a1b2c3d4-1234-5678-9abc-def012345678;4;いちにちのことば;Kata-kata Waktu Sehari-hari;"{""focus"":""daily_time"",""type"":""vocabulary""}";10;4;2026-01-22 13:50:11.798634+00
b1b2c3d4-0005-5678-9abc-def012345678;a1b2c3d4-1234-5678-9abc-def012345678;5;どうし（ます）;Kata Kerja Dasar (ます form);"{""focus"":""basic_verbs"",""type"":""vocabulary""}";15;5;2026-01-22 13:50:11.798634+00
06dfccea-f73b-4f69-a903-d8c0f4cc9a5a;487e724e-6865-49dd-8b29-ac3a6a866a13;2;可能形の使い方;Penggunaan Bentuk Kemampuan;"{""patterns"":[{""example"":""日本語が話せます"",""meaning"":""Bisa berbicara bahasa Jepang"",""pattern"":""〜が できます""},{""example"":""この漢字が読めます"",""meaning"":""Bisa membaca kanji ini"",""pattern"":""〜を/が Vられる""}],""type"":""grammar""}";25;2;2026-02-06 13:05:10.49227+00
2a3a8380-b029-47a8-9310-e48fa10e446d;981255d6-ad9f-4d51-825d-755026a9f069;3;〜込む・〜合う;Masuk & Bersama-sama;"{""patterns"":[{""example"":""電車に飛び込む"",""meaning"":""Melompat masuk ke kereta"",""pattern"":""V-ます形 + 込む""},{""example"":""助け合う"",""meaning"":""Saling membantu"",""pattern"":""V-ます形 + 合う""}],""type"":""grammar""}";30;3;2026-02-06 13:07:30.368826+00
caf1d4e2-3652-4789-a1ee-53c1845b2566;981255d6-ad9f-4d51-825d-755026a9f069;4;〜直す・〜過ぎる;Mengulang & Berlebihan;"{""patterns"":[{""example"":""やり直す"",""meaning"":""Mengulang/memperbaiki"",""pattern"":""V-ます形 + 直す""},{""example"":""食べ過ぎた"",""meaning"":""Makan berlebihan"",""pattern"":""V-ます形 + 過ぎる""}],""type"":""grammar""}";30;4;2026-02-06 13:07:30.368826+00
088b72ab-3cf8-4c07-88e9-41cc25e367bb;342dc32f-726b-488e-a8b4-aa734a622b05;1;尊敬語の応用;Aplikasi Bahasa Hormat;"{""patterns"":[{""example"":""お読みになりましたか"",""meaning"":""Apakah Anda sudah membaca?"",""pattern"":""お/ご〜になる""},{""example"":""ご説明くださり"",""meaning"":""Terima kasih sudah menjelaskan"",""pattern"":""お/ご〜くださる""}],""type"":""grammar""}";30;1;2026-02-06 13:07:30.368826+00
55b5d5cd-782a-4703-9148-917d5bdeb4e2;342dc32f-726b-488e-a8b4-aa734a622b05;2;謙譲語の応用;Aplikasi Bahasa Rendah Diri;"{""patterns"":[{""example"":""ご連絡いたします"",""meaning"":""Saya akan menghubungi"",""pattern"":""お/ご〜いたす""},{""example"":""お礼申し上げます"",""meaning"":""Saya mengucapkan terima kasih"",""pattern"":""お/ご〜申し上げる""}],""type"":""grammar""}";30;2;2026-02-06 13:07:30.368826+00
b1b2c3d4-0006-5678-9abc-def012345678;a1b2c3d4-1234-5678-9abc-def012345678;6;〜ます・〜ません;Bentuk Sopan Positif & Negatif;"{""grammar_patterns"":[{""examples"":[{""id"":""makan"",""jp"":""食べます"",""reading"":""tabemasu""},{""id"":""pergi"",""jp"":""行きます"",""reading"":""ikimasu""}],""explanation"":""Bentuk sopan untuk menyatakan melakukan sesuatu"",""formula"":""Verb stem + ます"",""pattern"":""〜ます"",""tip"":""Gunakan ます form di tempat kerja"",""title"":""Bentuk Positif""},{""examples"":[{""id"":""tidak makan"",""jp"":""食べません"",""reading"":""tabemasen""},{""id"":""tidak pergi"",""jp"":""行きません"",""reading"":""ikimasen""}],""explanation"":""Bentuk sopan untuk menyatakan tidak melakukan sesuatu"",""formula"":""Verb stem + ません"",""pattern"":""〜ません"",""tip"":""ません adalah bentuk negatif dari ます"",""title"":""Bentuk Negatif""}],""pattern"":""masu_masen"",""type"":""grammar""}";15;6;2026-01-22 13:50:11.798634+00
b1b2c3d4-0007-5678-9abc-def012345678;a1b2c3d4-1234-5678-9abc-def012345678;7;じかんの「に」;Partikel に untuk Waktu;"{""grammar_patterns"":[{""examples"":[{""id"":""Bangun jam 7"",""jp"":""七時に起きます"",""reading"":""shichi-ji ni okimasu""}],""explanation"":""Partikel に digunakan setelah waktu spesifik"",""formula"":""[Waktu] + に + [Kata kerja]"",""pattern"":""時間 + に"",""tip"":""TIDAK gunakan に setelah 今日, 明日, 毎日"",""title"":""Partikel に untuk Waktu Spesifik""}],""pattern"":""ni_time"",""type"":""grammar""}";15;7;2026-01-22 13:50:11.798634+00
b1b2c3d4-0008-5678-9abc-def012345678;a1b2c3d4-1234-5678-9abc-def012345678;8;を・で・に;Partikel を, で, に;"{""grammar_patterns"":[{""examples"":[{""id"":""Membaca buku"",""jp"":""本を読みます"",""reading"":""hon wo yomimasu""}],""explanation"":""Menandai objek langsung"",""formula"":""[Objek] + を + [Kata kerja]"",""pattern"":""を"",""title"":""Objek Langsung""},{""examples"":[{""id"":""Bekerja di pabrik"",""jp"":""工場で働きます"",""reading"":""koujou de hatarakimasu""}],""explanation"":""Menandai tempat aktivitas atau alat"",""formula"":""[Tempat] + で + [Kata kerja]"",""pattern"":""で"",""title"":""Tempat/Alat""},{""examples"":[{""id"":""Pergi ke kantor"",""jp"":""会社に行きます"",""reading"":""kaisha ni ikimasu""}],""explanation"":""Menandai waktu atau tujuan"",""formula"":""[Tujuan] + に + [Kata kerja]"",""pattern"":""に"",""title"":""Waktu/Tujuan""}],""pattern"":""particles"",""type"":""grammar""}";15;8;2026-01-22 13:50:11.798634+00
b1b2c3d4-0009-5678-9abc-def012345678;a1b2c3d4-1234-5678-9abc-def012345678;9;かいわれんしゅう;Latihan Percakapan;"{""scenario"":""daily_schedule"",""type"":""dialogue""}";15;9;2026-01-22 13:50:11.798634+00
b1b2c3d4-0010-5678-9abc-def012345678;a1b2c3d4-1234-5678-9abc-def012345678;10;クイズ;Quiz Pelajaran 2;"{""question_count"":15,""type"":""quiz""}";25;10;2026-01-22 13:50:11.798634+00
d1a2b3c4-3001-5678-9abc-def012345678;c1a2b3c4-3333-5678-9abc-def012345678;1;だいめいし;Kata Ganti;"{""focus"":""pronouns"",""type"":""vocabulary""}";10;1;2026-01-22 13:54:51.635081+00
d1a2b3c4-3002-5678-9abc-def012345678;c1a2b3c4-3333-5678-9abc-def012345678;2;しょくぎょう;Pekerjaan;"{""focus"":""occupations"",""type"":""vocabulary""}";10;2;2026-01-22 13:54:51.635081+00
d1a2b3c4-3003-5678-9abc-def012345678;c1a2b3c4-3333-5678-9abc-def012345678;3;こくせき;Negara & Bahasa;"{""focus"":""countries"",""type"":""vocabulary""}";10;3;2026-01-22 13:54:51.635081+00
d1a2b3c4-3004-5678-9abc-def012345678;c1a2b3c4-3333-5678-9abc-def012345678;4;XはYです;Pola Kalimat Dasar;"{""grammar_patterns"":[{""examples"":[{""id"":""Saya adalah siswa"",""jp"":""わたしは学生です"",""reading"":""watashi wa gakusei desu""}],""explanation"":""Pola dasar untuk menyatakan A adalah B"",""formula"":""[Topik] は [Predikat] です"",""pattern"":""XはYです"",""tip"":""は dibaca wa bukan ha saat menjadi partikel"",""title"":""Kalimat Kopula Dasar""}],""pattern"":""X wa Y desu"",""type"":""grammar""}";15;4;2026-01-22 13:54:51.635081+00
d1a2b3c4-3005-5678-9abc-def012345678;c1a2b3c4-3333-5678-9abc-def012345678;5;しつもん;Membuat Pertanyaan;"{""grammar_patterns"":[{""examples"":[{""id"":""Apakah Anda siswa?"",""jp"":""あなたは学生ですか"",""reading"":""anata wa gakusei desu ka""}],""explanation"":""Tambahkan か di akhir untuk membuat pertanyaan"",""formula"":""[Kalimat] + か"",""pattern"":""〜ですか"",""tip"":""Jawab dengan はい、そうです atau いいえ、違います"",""title"":""Kalimat Tanya""}],""pattern"":""question_ka"",""type"":""grammar""}";15;5;2026-01-22 13:54:51.635081+00
d1a2b3c4-3006-5678-9abc-def012345678;c1a2b3c4-3333-5678-9abc-def012345678;6;ひてい;Kalimat Negatif;"{""grammar_patterns"":[{""examples"":[{""id"":""Saya bukan guru"",""jp"":""わたしは先生じゃありません"",""reading"":""watashi wa sensei ja arimasen""}],""explanation"":""Untuk menyangkal, ganti です dengan じゃありません"",""formula"":""[Topik] は [Predikat] じゃありません"",""pattern"":""〜じゃありません"",""tip"":""Di tempat formal gunakan ではありません"",""title"":""Kalimat Negatif""}],""pattern"":""ja_arimasen"",""type"":""grammar""}";15;6;2026-01-22 13:54:51.635081+00
d1a2b3c4-3007-5678-9abc-def012345678;c1a2b3c4-3333-5678-9abc-def012345678;7;れんしゅう;Latihan;"{""type"":""exercise""}";15;7;2026-01-22 13:54:51.635081+00
d1a2b3c4-3008-5678-9abc-def012345678;c1a2b3c4-3333-5678-9abc-def012345678;8;クイズ;Quiz Pelajaran 1;"{""question_count"":10,""type"":""quiz""}";25;8;2026-01-22 13:54:51.635081+00
d3e4f5a6-0001-1111-aaaa-000000000001;b2c3d4e5-2345-6789-abcd-ef0123456789;1;ここ・そこ・あそこ;Kata Tunjuk Tempat;"{""focus"":""demonstratives"",""type"":""vocabulary""}";10;1;2026-01-22 14:07:45.872605+00
d3e4f5a6-0001-1111-aaaa-000000000002;b2c3d4e5-2345-6789-abcd-ef0123456789;2;いちことば;Kata Posisi;"{""focus"":""position_words"",""type"":""vocabulary""}";10;2;2026-01-22 14:07:45.872605+00
d3e4f5a6-0001-1111-aaaa-000000000003;b2c3d4e5-2345-6789-abcd-ef0123456789;3;ばしょ;Tempat-tempat;"{""focus"":""places"",""type"":""vocabulary""}";15;3;2026-01-22 14:07:45.872605+00
d3e4f5a6-0001-1111-aaaa-000000000004;b2c3d4e5-2345-6789-abcd-ef0123456789;4;ほうこう;Arah;"{""focus"":""directions"",""type"":""vocabulary""}";10;4;2026-01-22 14:07:45.872605+00
d3e4f5a6-0001-1111-aaaa-000000000005;b2c3d4e5-2345-6789-abcd-ef0123456789;5;いどうどうし;Kata Kerja Perpindahan;"{""focus"":""movement_verbs"",""type"":""vocabulary""}";15;5;2026-01-22 14:07:45.872605+00
d3e4f5a6-0001-1111-aaaa-000000000006;b2c3d4e5-2345-6789-abcd-ef0123456789;6;に・へ・で;Partikel Lokasi;"{""pattern"":""location_particles"",""type"":""grammar""}";15;6;2026-01-22 14:07:45.872605+00
d3e4f5a6-0001-1111-aaaa-000000000007;b2c3d4e5-2345-6789-abcd-ef0123456789;7;あります・います;Keberadaan;"{""pattern"":""arimasu_imasu"",""type"":""grammar""}";15;7;2026-01-22 14:07:45.872605+00
d3e4f5a6-0001-1111-aaaa-000000000008;b2c3d4e5-2345-6789-abcd-ef0123456789;8;XはYにあります;Menyatakan Lokasi;"{""pattern"":""location_statement"",""type"":""grammar""}";15;8;2026-01-22 14:07:45.872605+00
d3e4f5a6-0001-1111-aaaa-000000000009;b2c3d4e5-2345-6789-abcd-ef0123456789;9;かいわれんしゅう;Latihan Percakapan;"{""scenario"":""asking_directions"",""type"":""dialogue""}";15;9;2026-01-22 14:07:45.872605+00
d3e4f5a6-0001-1111-aaaa-000000000010;b2c3d4e5-2345-6789-abcd-ef0123456789;10;クイズ;Quiz Pelajaran 3;"{""question_count"":15,""type"":""quiz""}";25;10;2026-01-22 14:07:45.872605+00
b904af26-f934-4480-85be-1bd6412201c3;487e724e-6865-49dd-8b29-ac3a6a866a13;1;可能形の作り方;Cara Membuat Bentuk Kemampuan;"{""patterns"":[{""example"":""書く → 書ける"",""meaning"":""menulis → bisa menulis"",""pattern"":""Grup 1: う → える""},{""example"":""食べる → 食べられる"",""meaning"":""makan → bisa makan"",""pattern"":""Grup 2: る → られる""},{""example"":""勉強する → 勉強できる"",""meaning"":""belajar → bisa belajar"",""pattern"":""Grup 3: する → できる, 来る → 来られる""}],""type"":""grammar""}";25;1;2026-02-06 13:05:10.49227+00
60d0658e-7be7-4f35-9225-91f9a596e7fd;487e724e-6865-49dd-8b29-ac3a6a866a13;3;意志形の作り方;Cara Membuat Bentuk Kemauan;"{""patterns"":[{""example"":""行く → 行こう"",""meaning"":""pergi → ayo pergi"",""pattern"":""Grup 1: う → おう""},{""example"":""見る → 見よう"",""meaning"":""lihat → ayo lihat"",""pattern"":""Grup 2: る → よう""},{""example"":""勉強しよう"",""meaning"":""ayo belajar"",""pattern"":""Grup 3: する → しよう, 来る → 来よう""}],""type"":""grammar""}";25;3;2026-02-06 13:05:10.49227+00
6b72966f-b086-4d99-a909-3bcd9857c9d8;487e724e-6865-49dd-8b29-ac3a6a866a13;4;意志形の使い方;Penggunaan Bentuk Kemauan;"{""patterns"":[{""example"":""来年日本に行こうと思います"",""meaning"":""Saya berniat pergi ke Jepang tahun depan"",""pattern"":""〜ようと思う""},{""example"":""ドアを開けようとした"",""meaning"":""Mencoba membuka pintu"",""pattern"":""〜ようとする""}],""type"":""grammar""}";25;4;2026-02-06 13:05:10.49227+00
1f621b93-6ca6-4600-8bf2-926a71e35f72;fbc344a1-a8e2-4bce-b94e-fb2ad197ad56;1;受身形の作り方;Cara Membuat Bentuk Pasif;"{""patterns"":[{""example"":""読む → 読まれる"",""meaning"":""membaca → dibaca"",""pattern"":""Grup 1: う → あれる""},{""example"":""食べる → 食べられる"",""meaning"":""makan → dimakan"",""pattern"":""Grup 2: る → られる""},{""example"":""招待される"",""meaning"":""diundang"",""pattern"":""Grup 3: する → される, 来る → 来られる""}],""type"":""grammar""}";25;1;2026-02-06 13:05:10.49227+00
a26e3d9f-7c36-4f92-8ef4-4be1fdd98f10;fbc344a1-a8e2-4bce-b94e-fb2ad197ad56;2;直接受身;Pasif Langsung;"{""patterns"":[{""example"":""私は先生に褒められた"",""meaning"":""Saya dipuji oleh guru"",""pattern"":""AはBに〜られる""},{""example"":""この本は多くの人に読まれている"",""meaning"":""Buku ini dibaca oleh banyak orang"",""pattern"":""物が〜られる""}],""type"":""grammar""}";25;2;2026-02-06 13:05:10.49227+00
ee107ce2-6d6c-4a9f-8073-03f420e9c1fd;fbc344a1-a8e2-4bce-b94e-fb2ad197ad56;3;迷惑の受身;Pasif Ketidaknyamanan;"{""patterns"":[{""example"":""雨に降られて困った"",""meaning"":""Saya kesulitan karena hujan turun"",""pattern"":""〜に〜られて困る""},{""example"":""電車で足を踏まれた"",""meaning"":""Kaki saya diinjak di kereta"",""pattern"":""〜に〜られる (negatif)""}],""type"":""grammar""}";25;3;2026-02-06 13:05:10.49227+00
f73a9975-9bd4-43fd-baab-f450a3ad3044;bf47de3a-6712-4433-87ba-7a32cec3693b;1;使役形の作り方;Cara Membuat Bentuk Kausatif;"{""patterns"":[{""example"":""書く → 書かせる"",""meaning"":""menulis → menyuruh menulis"",""pattern"":""Grup 1: う → あせる""},{""example"":""食べる → 食べさせる"",""meaning"":""makan → menyuruh makan"",""pattern"":""Grup 2: る → させる""},{""example"":""勉強させる"",""meaning"":""menyuruh belajar"",""pattern"":""Grup 3: する → させる, 来る → 来させる""}],""type"":""grammar""}";25;1;2026-02-06 13:05:10.49227+00
7b02ad4f-9e49-43f9-9493-326fc5557eec;bf47de3a-6712-4433-87ba-7a32cec3693b;2;使役の使い方;Penggunaan Bentuk Kausatif;"{""patterns"":[{""example"":""母は子供に野菜を食べさせた"",""meaning"":""Ibu menyuruh anak makan sayur"",""pattern"":""AはBに/を〜させる""},{""example"":""私にやらせてください"",""meaning"":""Tolong biarkan saya melakukannya"",""pattern"":""〜させてください""}],""type"":""grammar""}";25;2;2026-02-06 13:05:10.49227+00
78ce51cb-8c58-45d4-a9d6-bd2209aca95e;bf47de3a-6712-4433-87ba-7a32cec3693b;3;使役受身形;Bentuk Kausatif-Pasif;"{""patterns"":[{""example"":""毎日残業させられる"",""meaning"":""Dipaksa lembur setiap hari"",""pattern"":""〜させられる""},{""example"":""たくさん食べさせられた"",""meaning"":""Dipaksa makan banyak"",""pattern"":""〜させられた""}],""type"":""grammar""}";25;3;2026-02-06 13:05:10.49227+00
4f8cd93b-e9ae-4d51-80fa-c2277d836e88;e9b9865a-7125-4642-a5c1-cb33478f230c;1;尊敬語の基本;Dasar Bahasa Hormat;"{""patterns"":[{""example"":""お帰りになる"",""meaning"":""pulang (hormat)"",""pattern"":""お〜になる""},{""example"":""社長が来られた"",""meaning"":""Presdir datang (hormat)"",""pattern"":""〜れる/られる (尊敬)""},{""example"":""いらっしゃる、おっしゃる"",""meaning"":""ada/datang, berkata (hormat)"",""pattern"":""特別尊敬語""}],""type"":""grammar""}";25;1;2026-02-06 13:05:10.49227+00
a8104776-c431-4eee-a826-236d33cc37f9;e9b9865a-7125-4642-a5c1-cb33478f230c;2;謙譲語の基本;Dasar Bahasa Rendah Diri;"{""patterns"":[{""example"":""お持ちする"",""meaning"":""membawa (rendah diri)"",""pattern"":""お〜する""},{""example"":""参る、申す、いただく"",""meaning"":""pergi, berkata, menerima (rendah diri)"",""pattern"":""特別謙譲語""}],""type"":""grammar""}";25;2;2026-02-06 13:05:10.49227+00
7afa4720-946b-48b1-be47-5de872bdbf99;e9b9865a-7125-4642-a5c1-cb33478f230c;3;丁寧語;Bahasa Sopan;"{""patterns"":[{""example"":""行きます"",""meaning"":""pergi (sopan)"",""pattern"":""〜です/ます""},{""example"":""お名前、ご住所"",""meaning"":""nama, alamat (sopan)"",""pattern"":""お/ご + 名詞""}],""type"":""grammar""}";25;3;2026-02-06 13:05:10.49227+00
639375ed-d667-4c1e-9006-884b87101747;78ec55a6-bf40-42f7-b5b9-ef491cfe8472;1;ば形の作り方と使い方;Cara dan Penggunaan Bentuk -ba;"{""patterns"":[{""example"":""行く → 行けば"",""meaning"":""kalau pergi"",""pattern"":""Grup 1: う → えば""},{""example"":""見る → 見れば"",""meaning"":""kalau melihat"",""pattern"":""Grup 2: る → れば""},{""example"":""勉強すればするほど分かる"",""meaning"":""Semakin belajar semakin mengerti"",""pattern"":""〜ば〜ほど""}],""type"":""grammar""}";25;1;2026-02-06 13:05:10.49227+00
cc39b00f-9dad-45de-b8aa-aed961a4de48;78ec55a6-bf40-42f7-b5b9-ef491cfe8472;2;たら形の使い方;Penggunaan Bentuk -tara;"{""patterns"":[{""example"":""雨が降ったら、行きません"",""meaning"":""Kalau hujan, tidak pergi"",""pattern"":""〜たら""},{""example"":""医者に行ったらどうですか"",""meaning"":""Bagaimana kalau pergi ke dokter?"",""pattern"":""〜たらどうですか""}],""type"":""grammar""}";25;2;2026-02-06 13:05:10.49227+00
af0436eb-25b3-491d-b0e4-c095160c8da5;78ec55a6-bf40-42f7-b5b9-ef491cfe8472;3;なら・との使い方;Penggunaan Nara dan To;"{""patterns"":[{""example"":""日本に行くなら、京都がいい"",""meaning"":""Kalau pergi ke Jepang, Kyoto bagus"",""pattern"":""〜なら""},{""example"":""春になると、桜が咲く"",""meaning"":""Kalau musim semi, sakura mekar"",""pattern"":""〜と""}],""type"":""grammar""}";25;3;2026-02-06 13:05:10.49227+00
9c13073f-494c-44d1-83a9-3466336ca1a6;78ec55a6-bf40-42f7-b5b9-ef491cfe8472;4;条件形の比較;Perbandingan Bentuk Kondisional;"{""patterns"":[{""example"":""状況によって使い分ける"",""meaning"":""Digunakan sesuai situasi"",""pattern"":""ば vs たら vs なら vs と""}],""type"":""grammar""}";25;4;2026-02-06 13:05:10.49227+00
801913e2-25d2-4f9b-9758-e5f9be8b4a39;981255d6-ad9f-4d51-825d-755026a9f069;1;〜始める・〜終わる;Mulai & Selesai Melakukan;"{""patterns"":[{""example"":""雨が降り始めた"",""meaning"":""Hujan mulai turun"",""pattern"":""V-ます形 + 始める""},{""example"":""本を読み終わった"",""meaning"":""Selesai membaca buku"",""pattern"":""V-ます形 + 終わる""}],""type"":""grammar""}";30;1;2026-02-06 13:07:30.368826+00
626ac351-e253-438d-bfcc-213e5b5d2cd6;981255d6-ad9f-4d51-825d-755026a9f069;2;〜続ける・〜出す;Terus & Mulai Mendadak;"{""patterns"":[{""example"":""走り続ける"",""meaning"":""Terus berlari"",""pattern"":""V-ます形 + 続ける""},{""example"":""急に泣き出した"",""meaning"":""Tiba-tiba mulai menangis"",""pattern"":""V-ます形 + 出す""}],""type"":""grammar""}";30;2;2026-02-06 13:07:30.368826+00
220d26db-d131-4155-861d-ed4e4ad148a9;342dc32f-726b-488e-a8b4-aa734a622b05;3;敬語の使い分け;Penggunaan Keigo yang Tepat;"{""patterns"":[{""example"":""お召し上がりになられる ✗"",""meaning"":""Hindari keigo ganda"",""pattern"":""二重敬語を避ける""},{""example"":""状況に応じて使い分ける"",""meaning"":""Sesuaikan dengan situasi"",""pattern"":""TPO に合わせる""}],""type"":""grammar""}";30;3;2026-02-06 13:07:30.368826+00
576c9e55-1127-48f6-99fa-69449aa66a39;3296da6d-24a3-4cda-bf1f-d9bbf785a1b8;1;〜ようにする・〜ことにする;Berusaha & Memutuskan;"{""patterns"":[{""example"":""毎日運動するようにしている"",""meaning"":""Berusaha olahraga setiap hari"",""pattern"":""V-る + ようにする""},{""example"":""転職することにした"",""meaning"":""Memutuskan pindah kerja"",""pattern"":""V-る + ことにする""}],""type"":""grammar""}";30;1;2026-02-06 13:07:30.368826+00
070ad1ab-34fa-40ea-9336-4af56554f8d1;3296da6d-24a3-4cda-bf1f-d9bbf785a1b8;2;〜わけにはいかない・〜ざるを得ない;Tidak Bisa & Terpaksa;"{""patterns"":[{""example"":""約束を破るわけにはいかない"",""meaning"":""Tidak bisa mengingkari janji"",""pattern"":""V-る + わけにはいかない""},{""example"":""残業せざるを得ない"",""meaning"":""Terpaksa lembur"",""pattern"":""V-ざる + を得ない""}],""type"":""grammar""}";30;2;2026-02-06 13:07:30.368826+00
52b534d9-5837-442d-abe8-f28c571f37f6;3296da6d-24a3-4cda-bf1f-d9bbf785a1b8;3;〜に対して・〜について;Terhadap & Mengenai;"{""patterns"":[{""example"":""この問題に対して意見がある"",""meaning"":""Punya pendapat terhadap masalah ini"",""pattern"":""N + に対して""},{""example"":""日本文化について研究している"",""meaning"":""Meneliti tentang budaya Jepang"",""pattern"":""N + について""}],""type"":""grammar""}";30;3;2026-02-06 13:07:30.368826+00
d1dcb62d-96c8-4c9f-b283-36cff5a9053c;3296da6d-24a3-4cda-bf1f-d9bbf785a1b8;4;〜として・〜にとって;Sebagai & Bagi;"{""patterns"":[{""example"":""通訳として働く"",""meaning"":""Bekerja sebagai penerjemah"",""pattern"":""N + として""},{""example"":""私にとって大切な人"",""meaning"":""Orang penting bagi saya"",""pattern"":""N + にとって""}],""type"":""grammar""}";30;4;2026-02-06 13:07:30.368826+00
c10b6d3a-92e2-49aa-9078-d0235055d3dd;579e81c9-eb1b-41cc-9437-090ca29cf666;1;接続表現;Ekspresi Penghubung;"{""patterns"":[{""example"":""雨が降った。したがって試合は中止"",""meaning"":""Hujan turun. Oleh karena itu pertandingan dibatalkan"",""pattern"":""したがって・そのため""},{""example"":""努力した。それにもかかわらず失敗した"",""meaning"":""Sudah berusaha. Meski begitu tetap gagal"",""pattern"":""それにもかかわらず""}],""type"":""grammar""}";30;1;2026-02-06 13:07:30.368826+00
16283f16-c49a-4ff4-963f-433f99d66013;579e81c9-eb1b-41cc-9437-090ca29cf666;2;指示語の理解;Pemahaman Kata Tunjuk;"{""patterns"":[{""example"":""前の文を参照する"",""meaning"":""Merujuk ke kalimat sebelumnya"",""pattern"":""これ・それ・あれ の指す内容""},{""example"":""文脈から意味を理解する"",""meaning"":""Memahami makna dari konteks"",""pattern"":""このような・そのような""}],""type"":""grammar""}";30;2;2026-02-06 13:07:30.368826+00
de304c34-4ae9-4de7-9af6-d77ec5eaaea2;579e81c9-eb1b-41cc-9437-090ca29cf666;3;要約と要点;Ringkasan & Poin Utama;"{""patterns"":[{""example"":""つまり・要するに の後に注目"",""meaning"":""Perhatikan setelah つまり/要するに"",""pattern"":""筆者の主張を見つける""},{""example"":""各段落の最初と最後を確認"",""meaning"":""Periksa awal dan akhir paragraf"",""pattern"":""段落ごとの要点""}],""type"":""grammar""}";30;3;2026-02-06 13:07:30.368826+00
771b81d5-0d97-41be-a071-a9c221f37408;247217ee-6f48-451c-b98e-a5d0db9d3813;1;ビジネスメール;Email Bisnis;"{""patterns"":[{""example"":""いつもお世話になっております"",""meaning"":""Terima kasih atas kerjasamanya"",""pattern"":""お世話になっております""},{""example"":""添付ファイルをご確認ください"",""meaning"":""Mohon periksa lampiran"",""pattern"":""ご確認ください""}],""type"":""grammar""}";30;1;2026-02-06 13:07:30.368826+00
53e3068e-9903-4743-a772-60324009e696;247217ee-6f48-451c-b98e-a5d0db9d3813;2;電話応対;Menjawab Telepon;"{""patterns"":[{""example"":""はい、〇〇会社でございます"",""meaning"":""Ya, ini perusahaan ○○"",""pattern"":""〜でございます""},{""example"":""少々お待ちくださいませ"",""meaning"":""Mohon tunggu sebentar"",""pattern"":""少々お待ちください""}],""type"":""grammar""}";30;2;2026-02-06 13:07:30.368826+00
8c50836e-81ff-406c-b604-0427069b4fb9;247217ee-6f48-451c-b98e-a5d0db9d3813;3;会議での表現;Ekspresi dalam Rapat;"{""patterns"":[{""example"":""問題ないと存じます"",""meaning"":""Saya pikir tidak ada masalah"",""pattern"":""〜と存じます""},{""example"":""前向きにご検討いただければ幸いです"",""meaning"":""Saya berharap Anda dapat mempertimbangkan dengan positif"",""pattern"":""ご検討いただければ幸いです""}],""type"":""grammar""}";30;3;2026-02-06 13:07:30.368826+00
4a6e7bd3-56ac-4060-96aa-f20670c556c2;247217ee-6f48-451c-b98e-a5d0db9d3813;4;プレゼンテーション;Presentasi;"{""patterns"":[{""example"":""本日は新製品についてご説明いたします"",""meaning"":""Hari ini saya akan menjelaskan tentang produk baru"",""pattern"":""〜についてご説明いたします""},{""example"":""以上です。ご清聴ありがとうございました"",""meaning"":""Demikian. Terima kasih atas perhatiannya"",""pattern"":""ご清聴ありがとうございました""}],""type"":""grammar""}";30;4;2026-02-06 13:07:30.368826+00