id;quiz_set_id;question_type;question_text;question_audio_url;question_image_url;options;correct_answer;explanation;hint;difficulty;tags;order_index;created_at
pqq-hira-001;pq-hiragana-basic;multiple_choice;Apa bacaan dari「あ」?;;;"[{""id"": ""A"", ""text"": ""i""}, {""id"": ""B"", ""text"": ""u""}, {""id"": ""C"", ""text"": ""a""}, {""id"": ""D"", ""text"": ""e""}]";C;"「あ」dibaca ""a"", huruf vokal pertama dalam hiragana.";Vokal pertama;1;{hiragana,vowel};1;2026-01-22 15:20:35.374081+00
pqq-hira-002;pq-hiragana-basic;multiple_choice;Apa bacaan dari「き」?;;;"[{""id"": ""A"", ""text"": ""ka""}, {""id"": ""B"", ""text"": ""ki""}, {""id"": ""C"", ""text"": ""ku""}, {""id"": ""D"", ""text"": ""ke""}]";B;"「き」dibaca ""ki"", dari baris K.";Baris K, vokal i;1;{hiragana,k-row};2;2026-01-22 15:20:35.374081+00
pqq-hira-003;pq-hiragana-basic;multiple_choice;Apa bacaan dari「し」?;;;"[{""id"": ""A"", ""text"": ""si""}, {""id"": ""B"", ""text"": ""chi""}, {""id"": ""C"", ""text"": ""shi""}, {""id"": ""D"", ""text"": ""tsu""}]";C;"「し」dibaca ""shi"" bukan ""si"". Ini pengecualian penting!";"Bukan ""si""!";2;{hiragana,s-row,exception};3;2026-01-22 15:20:35.374081+00
pqq-hira-004;pq-hiragana-basic;multiple_choice;Apa bacaan dari「つ」?;;;"[{""id"": ""A"", ""text"": ""tu""}, {""id"": ""B"", ""text"": ""tsu""}, {""id"": ""C"", ""text"": ""su""}, {""id"": ""D"", ""text"": ""chi""}]";B;"「つ」dibaca ""tsu"" bukan ""tu"". Pengecualian dari baris T.";"Bukan ""tu""!";2;{hiragana,t-row,exception};4;2026-01-22 15:20:35.374081+00
pqq-hira-005;pq-hiragana-basic;multiple_choice;Apa bacaan dari「ふ」?;;;"[{""id"": ""A"", ""text"": ""hu""}, {""id"": ""B"", ""text"": ""fu""}, {""id"": ""C"", ""text"": ""ho""}, {""id"": ""D"", ""text"": ""he""}]";B;"「ふ」dibaca ""fu"" bukan ""hu"". Pengecualian dari baris H.";"Bukan ""hu""!";2;{hiragana,h-row,exception};5;2026-01-22 15:20:35.374081+00
pqq-hira-006;pq-hiragana-basic;multiple_choice;"Pilih hiragana untuk bunyi ""na"":";;;"[{""id"": ""A"", ""text"": ""に""}, {""id"": ""B"", ""text"": ""ぬ""}, {""id"": ""C"", ""text"": ""な""}, {""id"": ""D"", ""text"": ""の""}]";C;「な」= na, huruf pertama dari baris N.;Baris N, vokal a;1;{hiragana,n-row};6;2026-01-22 15:20:35.374081+00
pqq-hira-007;pq-hiragana-basic;multiple_choice;"Pilih hiragana untuk bunyi ""mo"":";;;"[{""id"": ""A"", ""text"": ""ま""}, {""id"": ""B"", ""text"": ""み""}, {""id"": ""C"", ""text"": ""む""}, {""id"": ""D"", ""text"": ""も""}]";D;「も」= mo, huruf terakhir dari baris M.;Baris M, vokal o;1;{hiragana,m-row};7;2026-01-22 15:20:35.374081+00
pqq-hira-008;pq-hiragana-basic;multiple_choice;Apa bacaan dari「ん」?;;;"[{""id"": ""A"", ""text"": ""mu""}, {""id"": ""B"", ""text"": ""n""}, {""id"": ""C"", ""text"": ""un""}, {""id"": ""D"", ""text"": ""nn""}]";B;"「ん」adalah satu-satunya huruf konsonan tunggal, dibaca ""n"".";Konsonan tunggal;1;{hiragana,special};8;2026-01-22 15:20:35.374081+00
pqq-hira-009;pq-hiragana-basic;multiple_choice;Kata「ねこ」artinya?;;;"[{""id"": ""A"", ""text"": ""Anjing""}, {""id"": ""B"", ""text"": ""Burung""}, {""id"": ""C"", ""text"": ""Kucing""}, {""id"": ""D"", ""text"": ""Ikan""}]";C;「ねこ」(neko) = kucing.;Hewan peliharaan populer;1;{hiragana,word};9;2026-01-22 15:20:35.374081+00
pqq-hira-010;pq-hiragana-basic;multiple_choice;Kata「みず」artinya?;;;"[{""id"": ""A"", ""text"": ""Api""}, {""id"": ""B"", ""text"": ""Air""}, {""id"": ""C"", ""text"": ""Tanah""}, {""id"": ""D"", ""text"": ""Angin""}]";B;「みず」(mizu) = air.;Yang kita minum;1;{hiragana,word};10;2026-01-22 15:20:35.374081+00
pqq-hira-011;pq-hiragana-basic;multiple_choice;Kata「やま」artinya?;;;"[{""id"": ""A"", ""text"": ""Laut""}, {""id"": ""B"", ""text"": ""Sungai""}, {""id"": ""C"", ""text"": ""Gunung""}, {""id"": ""D"", ""text"": ""Hutan""}]";C;「やま」(yama) = gunung.;Tempat tinggi;1;{hiragana,word};11;2026-01-22 15:20:35.374081+00
pqq-hira-012;pq-hiragana-basic;multiple_choice;"Pilih hiragana untuk bunyi ""wa"":";;;"[{""id"": ""A"", ""text"": ""わ""}, {""id"": ""B"", ""text"": ""は""}, {""id"": ""C"", ""text"": ""を""}, {""id"": ""D"", ""text"": ""ん""}]";A;「わ」= wa.「は」juga dibaca wa saat jadi partikel.;Baris W;1;{hiragana,w-row};12;2026-01-22 15:20:35.374081+00
pqq-hira-013;pq-hiragana-basic;multiple_choice;Kata「ほん」artinya?;;;"[{""id"": ""A"", ""text"": ""Pensil""}, {""id"": ""B"", ""text"": ""Meja""}, {""id"": ""C"", ""text"": ""Kursi""}, {""id"": ""D"", ""text"": ""Buku""}]";D;「ほん」(hon) = buku.;Untuk membaca;1;{hiragana,word};13;2026-01-22 15:20:35.374081+00
pqq-hira-014;pq-hiragana-basic;multiple_choice;Apa bacaan dari「ち」?;;;"[{""id"": ""A"", ""text"": ""ti""}, {""id"": ""B"", ""text"": ""chi""}, {""id"": ""C"", ""text"": ""tchi""}, {""id"": ""D"", ""text"": ""ci""}]";B;"「ち」dibaca ""chi"" bukan ""ti"". Pengecualian dari baris T.";"Bukan ""ti""!";2;{hiragana,t-row,exception};14;2026-01-22 15:20:35.374081+00
pqq-hira-015;pq-hiragana-basic;multiple_choice;Kata「にほん」artinya?;;;"[{""id"": ""A"", ""text"": ""Korea""}, {""id"": ""B"", ""text"": ""China""}, {""id"": ""C"", ""text"": ""Jepang""}, {""id"": ""D"", ""text"": ""Indonesia""}]";C;「にほん」(nihon) = Jepang.;Negara tempat kita belajar bahasanya;1;{hiragana,word};15;2026-01-22 15:20:35.374081+00
pqq-kata-001;pq-katakana-basic;multiple_choice;Apa bacaan dari「ア」?;;;"[{""id"": ""A"", ""text"": ""i""}, {""id"": ""B"", ""text"": ""u""}, {""id"": ""C"", ""text"": ""a""}, {""id"": ""D"", ""text"": ""e""}]";C;"「ア」dibaca ""a"", katakana untuk vokal pertama.";Vokal pertama;1;{katakana,vowel};1;2026-01-22 15:20:54.374381+00
pqq-kata-002;pq-katakana-basic;multiple_choice;「コーヒー」artinya?;;;"[{""id"": ""A"", ""text"": ""Teh""}, {""id"": ""B"", ""text"": ""Susu""}, {""id"": ""C"", ""text"": ""Jus""}, {""id"": ""D"", ""text"": ""Kopi""}]";D;"「コーヒー」(koohii) = kopi, dari bahasa Belanda ""koffie"".";Minuman berkafein;1;{katakana,loanword};2;2026-01-22 15:20:54.374381+00
pqq-kata-003;pq-katakana-basic;multiple_choice;「テレビ」artinya?;;;"[{""id"": ""A"", ""text"": ""Radio""}, {""id"": ""B"", ""text"": ""Televisi""}, {""id"": ""C"", ""text"": ""Komputer""}, {""id"": ""D"", ""text"": ""Telepon""}]";B;"「テレビ」(terebi) = televisi, dari bahasa Inggris ""television"".";Alat elektronik untuk menonton;1;{katakana,loanword};3;2026-01-22 15:20:54.374381+00
pqq-kata-004;pq-katakana-basic;multiple_choice;「レストラン」artinya?;;;"[{""id"": ""A"", ""text"": ""Restoran""}, {""id"": ""B"", ""text"": ""Hotel""}, {""id"": ""C"", ""text"": ""Toko""}, {""id"": ""D"", ""text"": ""Stasiun""}]";A;「レストラン」(resutoran) = restoran.;Tempat makan;1;{katakana,loanword};4;2026-01-22 15:20:54.374381+00
pqq-kata-005;pq-katakana-basic;multiple_choice;「コンビニ」artinya?;;;"[{""id"": ""A"", ""text"": ""Supermarket""}, {""id"": ""B"", ""text"": ""Minimarket""}, {""id"": ""C"", ""text"": ""Department Store""}, {""id"": ""D"", ""text"": ""Pasar""}]";B;"「コンビニ」(konbini) = minimarket, dari ""convenience store"".";Toko 24 jam;1;{katakana,loanword};5;2026-01-22 15:20:54.374381+00
pqq-kata-006;pq-katakana-basic;multiple_choice;「ホテル」artinya?;;;"[{""id"": ""A"", ""text"": ""Rumah""}, {""id"": ""B"", ""text"": ""Apartemen""}, {""id"": ""C"", ""text"": ""Hotel""}, {""id"": ""D"", ""text"": ""Hostel""}]";C;「ホテル」(hoteru) = hotel.;Tempat menginap;1;{katakana,loanword};6;2026-01-22 15:20:54.374381+00
pqq-kata-007;pq-katakana-basic;multiple_choice;「タクシー」artinya?;;;"[{""id"": ""A"", ""text"": ""Bus""}, {""id"": ""B"", ""text"": ""Kereta""}, {""id"": ""C"", ""text"": ""Taksi""}, {""id"": ""D"", ""text"": ""Pesawat""}]";C;「タクシー」(takushii) = taksi.;Transportasi umum;1;{katakana,loanword};7;2026-01-22 15:20:54.374381+00
pqq-kata-008;pq-katakana-basic;multiple_choice;「パン」artinya?;;;"[{""id"": ""A"", ""text"": ""Nasi""}, {""id"": ""B"", ""text"": ""Mie""}, {""id"": ""C"", ""text"": ""Roti""}, {""id"": ""D"", ""text"": ""Kue""}]";C;"「パン」(pan) = roti, dari bahasa Portugis ""pão"".";Makanan dari tepung;1;{katakana,loanword};8;2026-01-22 15:20:54.374381+00
pqq-kata-009;pq-katakana-basic;multiple_choice;「インドネシア」artinya?;;;"[{""id"": ""A"", ""text"": ""India""}, {""id"": ""B"", ""text"": ""Indonesia""}, {""id"": ""C"", ""text"": ""Inggris""}, {""id"": ""D"", ""text"": ""Italia""}]";B;「インドネシア」= Indonesia dalam katakana.;Negara kita;1;{katakana,country};9;2026-01-22 15:20:54.374381+00
pqq-kata-010;pq-katakana-basic;multiple_choice;「エレベーター」artinya?;;;"[{""id"": ""A"", ""text"": ""Tangga""}, {""id"": ""B"", ""text"": ""Eskalator""}, {""id"": ""C"", ""text"": ""Lift""}, {""id"": ""D"", ""text"": ""Lorong""}]";C;「エレベーター」(erebeetaa) = lift/elevator.;Naik turun gedung;1;{katakana,loanword};10;2026-01-22 15:20:54.374381+00
pqq-kata-011;pq-katakana-basic;multiple_choice;"Pilih katakana untuk bunyi ""ka"":";;;"[{""id"": ""A"", ""text"": ""カ""}, {""id"": ""B"", ""text"": ""キ""}, {""id"": ""C"", ""text"": ""ク""}, {""id"": ""D"", ""text"": ""ケ""}]";A;「カ」= ka, huruf pertama dari baris K katakana.;Baris K;1;{katakana,k-row};11;2026-01-22 15:20:54.374381+00
pqq-kata-012;pq-katakana-basic;multiple_choice;「カメラ」artinya?;;;"[{""id"": ""A"", ""text"": ""Radio""}, {""id"": ""B"", ""text"": ""Kamera""}, {""id"": ""C"", ""text"": ""Telepon""}, {""id"": ""D"", ""text"": ""Jam""}]";B;「カメラ」(kamera) = kamera.;Alat untuk foto;1;{katakana,loanword};12;2026-01-22 15:20:54.374381+00
pqq-kata-013;pq-katakana-basic;multiple_choice;「スーパー」artinya?;;;"[{""id"": ""A"", ""text"": ""Super""}, {""id"": ""B"", ""text"": ""Supermarket""}, {""id"": ""C"", ""text"": ""Superman""}, {""id"": ""D"", ""text"": ""Hebat""}]";B;「スーパー」(suupaa) = supermarket.;Toko besar;1;{katakana,loanword};13;2026-01-22 15:20:54.374381+00
pqq-kata-014;pq-katakana-basic;multiple_choice;「ノート」artinya?;;;"[{""id"": ""A"", ""text"": ""Catatan""}, {""id"": ""B"", ""text"": ""Buku tulis""}, {""id"": ""C"", ""text"": ""Note/Buku catatan""}, {""id"": ""D"", ""text"": ""Semua benar""}]";D;「ノート」(nooto) = note/buku catatan.;Untuk menulis;1;{katakana,loanword};14;2026-01-22 15:20:54.374381+00
pqq-kata-015;pq-katakana-basic;multiple_choice;「ペン」artinya?;;;"[{""id"": ""A"", ""text"": ""Pensil""}, {""id"": ""B"", ""text"": ""Pulpen""}, {""id"": ""C"", ""text"": ""Penggaris""}, {""id"": ""D"", ""text"": ""Penghapus""}]";B;「ペン」(pen) = pulpen/pena.;Alat tulis;1;{katakana,loanword};15;2026-01-22 15:20:54.374381+00
pqq-loc-001;pq-location;multiple_choice;「ここ」の意味は？;;;"[{""id"": ""A"", ""text"": ""Di situ""}, {""id"": ""B"", ""text"": ""Di sini""}, {""id"": ""C"", ""text"": ""Di sana""}, {""id"": ""D"", ""text"": ""Di mana""}]";B;「ここ」= di sini (dekat pembicara).;Dekat pembicara;1;{location,demonstrative};1;2026-01-22 15:22:31.076483+00
pqq-loc-002;pq-location;multiple_choice;「どこ」の意味は？;;;"[{""id"": ""A"", ""text"": ""Di sini""}, {""id"": ""B"", ""text"": ""Di situ""}, {""id"": ""C"", ""text"": ""Di sana""}, {""id"": ""D"", ""text"": ""Di mana""}]";D;「どこ」= di mana (kata tanya).;Kata tanya;1;{location,question};2;2026-01-22 15:22:31.076483+00
pqq-loc-003;pq-location;multiple_choice;「上」の意味は？;;;"[{""id"": ""A"", ""text"": ""Bawah""}, {""id"": ""B"", ""text"": ""Atas""}, {""id"": ""C"", ""text"": ""Kanan""}, {""id"": ""D"", ""text"": ""Kiri""}]";B;「上」(ue) = atas.;Berlawanan dengan bawah;1;{location,position};3;2026-01-22 15:22:31.076483+00
pqq-loc-004;pq-location;multiple_choice;「右」と「左」の意味は？;;;"[{""id"": ""A"", ""text"": ""Atas dan Bawah""}, {""id"": ""B"", ""text"": ""Depan dan Belakang""}, {""id"": ""C"", ""text"": ""Kanan dan Kiri""}, {""id"": ""D"", ""text"": ""Dalam dan Luar""}]";C;「右」(migi) = kanan,「左」(hidari) = kiri.;Arah samping;1;{location,position};4;2026-01-22 15:22:31.076483+00
pqq-loc-005;pq-location;multiple_choice;「前」と「後ろ」の意味は？;;;"[{""id"": ""A"", ""text"": ""Atas dan Bawah""}, {""id"": ""B"", ""text"": ""Depan dan Belakang""}, {""id"": ""C"", ""text"": ""Kanan dan Kiri""}, {""id"": ""D"", ""text"": ""Dalam dan Luar""}]";B;「前」(mae) = depan,「後ろ」(ushiro) = belakang.;Arah longitudinal;1;{location,position};5;2026-01-22 15:22:31.076483+00
pqq-loc-006;pq-location;multiple_choice;「食堂」の意味は？;;;"[{""id"": ""A"", ""text"": ""Toilet""}, {""id"": ""B"", ""text"": ""Kantin""}, {""id"": ""C"", ""text"": ""Kantor""}, {""id"": ""D"", ""text"": ""Ruang ganti""}]";B;「食堂」(shokudou) = kantin.;Tempat makan;1;{location,place};6;2026-01-22 15:22:31.076483+00
pqq-loc-007;pq-location;multiple_choice;「出口」と「入口」の意味は？;;;"[{""id"": ""A"", ""text"": ""Pintu keluar dan masuk""}, {""id"": ""B"", ""text"": ""Pintu masuk dan keluar""}, {""id"": ""C"", ""text"": ""Jendela dan pintu""}, {""id"": ""D"", ""text"": ""Lantai dan atap""}]";A;「出口」= pintu keluar,「入口」= pintu masuk.;出 = keluar, 入 = masuk;1;{location,place};7;2026-01-22 15:22:31.076483+00
pqq-loc-008;pq-location;multiple_choice;「三階」の読み方は？;;;"[{""id"": ""A"", ""text"": ""さんかい""}, {""id"": ""B"", ""text"": ""さんがい""}, {""id"": ""C"", ""text"": ""みかい""}, {""id"": ""D"", ""text"": ""みっかい""}]";B;「三階」dibaca「さんがい」bukan「さんかい」!;3 → がい;2;{location,floor,exception};8;2026-01-22 15:22:31.076483+00
pqq-loc-009;pq-location;multiple_choice;「まっすぐ」の意味は？;;;"[{""id"": ""A"", ""text"": ""Belok""}, {""id"": ""B"", ""text"": ""Berhenti""}, {""id"": ""C"", ""text"": ""Lurus""}, {""id"": ""D"", ""text"": ""Mundur""}]";C;「まっすぐ」= lurus.;Tidak belok;1;{location,direction};9;2026-01-22 15:22:31.076483+00
pqq-loc-010;pq-location;multiple_choice;「右に曲がってください」の意味は？;;;"[{""id"": ""A"", ""text"": ""Tolong belok kiri""}, {""id"": ""B"", ""text"": ""Tolong belok kanan""}, {""id"": ""C"", ""text"": ""Tolong jalan lurus""}, {""id"": ""D"", ""text"": ""Tolong berhenti""}]";B;「右に曲がる」= belok kanan.;右 = kanan;1;{location,direction};10;2026-01-22 15:22:31.076483+00
pqq-loc-011;pq-location;multiple_choice;"Mana yang benar untuk ""Ada buku di atas meja""?";;;"[{""id"": ""A"", ""text"": ""机の上に本があります""}, {""id"": ""B"", ""text"": ""机の上に本がいます""}, {""id"": ""C"", ""text"": ""机の下に本があります""}, {""id"": ""D"", ""text"": ""本の上に机があります""}]";A;「あります」untuk benda,「上」= atas.;Buku = benda;1;{location,existence};11;2026-01-22 15:22:31.076483+00
pqq-loc-012;pq-location;multiple_choice;「隣」の意味は？;;;"[{""id"": ""A"", ""text"": ""Depan""}, {""id"": ""B"", ""text"": ""Belakang""}, {""id"": ""C"", ""text"": ""Sebelah""}, {""id"": ""D"", ""text"": ""Jauh""}]";C;「隣」(tonari) = sebelah (bersebelahan).;Sangat dekat;1;{location,position};12;2026-01-22 15:22:31.076483+00
pqq-loc-013;pq-location;multiple_choice;「駅」の意味は？;;;"[{""id"": ""A"", ""text"": ""Bandara""}, {""id"": ""B"", ""text"": ""Stasiun""}, {""id"": ""C"", ""text"": ""Terminal bus""}, {""id"": ""D"", ""text"": ""Pelabuhan""}]";B;「駅」(eki) = stasiun (kereta).;Transportasi kereta;1;{location,place};13;2026-01-22 15:22:31.076483+00
pqq-loc-014;pq-location;multiple_choice;「近く」と「遠く」の意味は？;;;"[{""id"": ""A"", ""text"": ""Dekat dan Jauh""}, {""id"": ""B"", ""text"": ""Jauh dan Dekat""}, {""id"": ""C"", ""text"": ""Tinggi dan Rendah""}, {""id"": ""D"", ""text"": ""Besar dan Kecil""}]";A;「近く」(chikaku) = dekat,「遠く」(tooku) = jauh.;Jarak;1;{location,position};14;2026-01-22 15:22:31.076483+00
pqq-loc-015;pq-location;multiple_choice;「トイレはどこですか」の意味は？;;;"[{""id"": ""A"", ""text"": ""Ini toilet""}, {""id"": ""B"", ""text"": ""Toilet di mana?""}, {""id"": ""C"", ""text"": ""Toilet ada""}, {""id"": ""D"", ""text"": ""Ke toilet""}]";B;Pola pertanyaan lokasi:「Xはどこですか」= X di mana?;Pertanyaan lokasi;1;{location,question};15;2026-01-22 15:22:31.076483+00
pqq-part-001;pq-particles;fill_blank;わたし___学生です。;;;"[{""id"": ""A"", ""text"": ""が""}, {""id"": ""B"", ""text"": ""を""}, {""id"": ""C"", ""text"": ""は""}, {""id"": ""D"", ""text"": ""に""}]";C;Partikel「は」digunakan untuk menandai topik kalimat.;Topik kalimat;1;{particle,wa};1;2026-01-22 15:21:35.691893+00
pqq-part-002;pq-particles;fill_blank;コーヒー___飲みます。;;;"[{""id"": ""A"", ""text"": ""を""}, {""id"": ""B"", ""text"": ""に""}, {""id"": ""C"", ""text"": ""で""}, {""id"": ""D"", ""text"": ""が""}]";A;Partikel「を」menandai objek langsung dari kata kerja.;Objek langsung;1;{particle,wo};2;2026-01-22 15:21:35.691893+00
pqq-part-003;pq-particles;fill_blank;七時___起きます。;;;"[{""id"": ""A"", ""text"": ""を""}, {""id"": ""B"", ""text"": ""で""}, {""id"": ""C"", ""text"": ""に""}, {""id"": ""D"", ""text"": ""が""}]";C;Partikel「に」digunakan setelah waktu spesifik.;Waktu spesifik;1;{particle,ni,time};3;2026-01-22 15:21:35.691893+00
pqq-part-004;pq-particles;fill_blank;工場___働きます。;;;"[{""id"": ""A"", ""text"": ""を""}, {""id"": ""B"", ""text"": ""に""}, {""id"": ""C"", ""text"": ""で""}, {""id"": ""D"", ""text"": ""へ""}]";C;Partikel「で」menandai tempat aktivitas terjadi.;Tempat aksi;1;{particle,de,place};4;2026-01-22 15:21:35.691893+00
pqq-part-005;pq-particles;fill_blank;会社___行きます。;;;"[{""id"": ""A"", ""text"": ""を""}, {""id"": ""B"", ""text"": ""に""}, {""id"": ""C"", ""text"": ""で""}, {""id"": ""D"", ""text"": ""が""}]";B;Partikel「に」digunakan untuk tujuan dengan kata kerja perpindahan.;Tujuan;1;{particle,ni,destination};5;2026-01-22 15:21:35.691893+00
pqq-part-006;pq-particles;fill_blank;本___読みます。;;;"[{""id"": ""A"", ""text"": ""を""}, {""id"": ""B"", ""text"": ""に""}, {""id"": ""C"", ""text"": ""で""}, {""id"": ""D"", ""text"": ""は""}]";A;「を」untuk objek langsung. Buku adalah objek yang dibaca.;Objek langsung;1;{particle,wo};6;2026-01-22 15:21:35.691893+00
pqq-part-007;pq-particles;fill_blank;レストラン___食べます。;;;"[{""id"": ""A"", ""text"": ""を""}, {""id"": ""B"", ""text"": ""に""}, {""id"": ""C"", ""text"": ""で""}, {""id"": ""D"", ""text"": ""へ""}]";C;「で」untuk tempat aktivitas. Makan terjadi di restoran.;Tempat aksi;1;{particle,de,place};7;2026-01-22 15:21:35.691893+00
pqq-part-008;pq-particles;fill_blank;友達___会います。;;;"[{""id"": ""A"", ""text"": ""を""}, {""id"": ""B"", ""text"": ""に""}, {""id"": ""C"", ""text"": ""で""}, {""id"": ""D"", ""text"": ""と""}]";B;「に」dengan「会います」menunjukkan orang yang ditemui.;Orang yang ditemui;2;{particle,ni,person};8;2026-01-22 15:21:35.691893+00
pqq-part-009;pq-particles;fill_blank;バス___乗ります。;;;"[{""id"": ""A"", ""text"": ""を""}, {""id"": ""B"", ""text"": ""に""}, {""id"": ""C"", ""text"": ""で""}, {""id"": ""D"", ""text"": ""へ""}]";B;「に」dengan「乗ります」untuk naik kendaraan.;Naik kendaraan;1;{particle,ni,transport};9;2026-01-22 15:21:35.691893+00
pqq-part-010;pq-particles;fill_blank;駅___降ります。;;;"[{""id"": ""A"", ""text"": ""を""}, {""id"": ""B"", ""text"": ""に""}, {""id"": ""C"", ""text"": ""で""}, {""id"": ""D"", ""text"": ""へ""}]";C;「で」dengan「降ります」untuk turun di tempat tertentu.;Tempat turun;2;{particle,de,transport};10;2026-01-22 15:21:35.691893+00
pqq-part-011;pq-particles;multiple_choice;Mana yang BENAR?;;;"[{""id"": ""A"", ""text"": ""今日に働きます""}, {""id"": ""B"", ""text"": ""今日、働きます""}, {""id"": ""C"", ""text"": ""今日を働きます""}, {""id"": ""D"", ""text"": ""今日が働きます""}]";B;「今日」tidak perlu partikel karena kata waktu relatif.;Waktu relatif tanpa に;2;{particle,ni,time};11;2026-01-22 15:21:35.691893+00
pqq-part-012;pq-particles;fill_blank;日本___行きます。;;;"[{""id"": ""A"", ""text"": ""を""}, {""id"": ""B"", ""text"": ""に/へ""}, {""id"": ""C"", ""text"": ""で""}, {""id"": ""D"", ""text"": ""が""}]";B;Untuk tujuan, bisa pakai「に」atau「へ」.;Tujuan perjalanan;1;{particle,ni,he,destination};12;2026-01-22 15:21:35.691893+00
pqq-part-013;pq-particles;fill_blank;机の上___本があります。;;;"[{""id"": ""A"", ""text"": ""を""}, {""id"": ""B"", ""text"": ""に""}, {""id"": ""C"", ""text"": ""で""}, {""id"": ""D"", ""text"": ""は""}]";B;「に」untuk lokasi keberadaan dengan「あります」.;Lokasi keberadaan;1;{particle,ni,existence};13;2026-01-22 15:21:35.691893+00
pqq-part-014;pq-particles;fill_blank;部屋___出ます。;;;"[{""id"": ""A"", ""text"": ""を""}, {""id"": ""B"", ""text"": ""に""}, {""id"": ""C"", ""text"": ""で""}, {""id"": ""D"", ""text"": ""から""}]";A;「を」dengan「出ます」untuk keluar dari tempat.;Keluar dari;2;{particle,wo,movement};14;2026-01-22 15:21:35.691893+00
pqq-part-015;pq-particles;fill_blank;橋___渡ります。;;;"[{""id"": ""A"", ""text"": ""を""}, {""id"": ""B"", ""text"": ""に""}, {""id"": ""C"", ""text"": ""で""}, {""id"": ""D"", ""text"": ""へ""}]";A;「を」dengan「渡ります」untuk menyeberangi sesuatu.;Menyeberangi;2;{particle,wo,movement};15;2026-01-22 15:21:35.691893+00
pqq-time-001;pq-time;multiple_choice;「四時」の読み方は？;;;"[{""id"": ""A"", ""text"": ""しじ""}, {""id"": ""B"", ""text"": ""よじ""}, {""id"": ""C"", ""text"": ""よんじ""}, {""id"": ""D"", ""text"": ""しちじ""}]";B;「四時」dibaca「よじ」bukan「しじ」. Pengecualian penting!;四 dibaca よ untuk jam;2;{time,hour,exception};1;2026-01-22 15:21:15.776722+00
pqq-time-002;pq-time;multiple_choice;「九時」の読み方は？;;;"[{""id"": ""A"", ""text"": ""きゅうじ""}, {""id"": ""B"", ""text"": ""くじ""}, {""id"": ""C"", ""text"": ""ここのじ""}, {""id"": ""D"", ""text"": ""きゅーじ""}]";B;「九時」dibaca「くじ」bukan「きゅうじ」.;九 dibaca く untuk jam;2;{time,hour,exception};2;2026-01-22 15:21:15.776722+00
pqq-time-003;pq-time;multiple_choice;「三分」の読み方は？;;;"[{""id"": ""A"", ""text"": ""さんふん""}, {""id"": ""B"", ""text"": ""さんぷん""}, {""id"": ""C"", ""text"": ""みふん""}, {""id"": ""D"", ""text"": ""さんぶん""}]";B;「三分」dibaca「さんぷん」dengan perubahan bunyi.;3 → ぷん;2;{time,minute,exception};3;2026-01-22 15:21:15.776722+00
pqq-time-004;pq-time;multiple_choice;「六分」の読み方は？;;;"[{""id"": ""A"", ""text"": ""ろくふん""}, {""id"": ""B"", ""text"": ""ろっぷん""}, {""id"": ""C"", ""text"": ""むふん""}, {""id"": ""D"", ""text"": ""ろくぷん""}]";B;「六分」dibaca「ろっぷん」.;6 → ろっぷん;2;{time,minute,exception};4;2026-01-22 15:21:15.776722+00
pqq-time-005;pq-time;multiple_choice;「十分」の読み方は？;;;"[{""id"": ""A"", ""text"": ""じゅうふん""}, {""id"": ""B"", ""text"": ""じゅっぷん""}, {""id"": ""C"", ""text"": ""とおふん""}, {""id"": ""D"", ""text"": ""じっぷん""}]";B;「十分」dibaca「じゅっぷん」.;10 → じゅっぷん;2;{time,minute,exception};5;2026-01-22 15:21:15.776722+00
pqq-time-006;pq-time;multiple_choice;Hari Senin dalam bahasa Jepang?;;;"[{""id"": ""A"", ""text"": ""日曜日""}, {""id"": ""B"", ""text"": ""月曜日""}, {""id"": ""C"", ""text"": ""火曜日""}, {""id"": ""D"", ""text"": ""水曜日""}]";B;「月曜日」(getsuyoubi) = Hari Senin. 月 = bulan.;Bulan = Moon = Monday;1;{time,day};6;2026-01-22 15:21:15.776722+00
pqq-time-007;pq-time;multiple_choice;Hari Jumat dalam bahasa Jepang?;;;"[{""id"": ""A"", ""text"": ""木曜日""}, {""id"": ""B"", ""text"": ""金曜日""}, {""id"": ""C"", ""text"": ""土曜日""}, {""id"": ""D"", ""text"": ""日曜日""}]";B;「金曜日」(kinyoubi) = Hari Jumat. 金 = emas.;Emas = Gold = Friday;1;{time,day};7;2026-01-22 15:21:15.776722+00
pqq-time-008;pq-time;multiple_choice;「今日」の読み方は？;;;"[{""id"": ""A"", ""text"": ""きょう""}, {""id"": ""B"", ""text"": ""こんにち""}, {""id"": ""C"", ""text"": ""こんじつ""}, {""id"": ""D"", ""text"": ""いまひ""}]";A;「今日」dibaca「きょう」= hari ini.;Hari ini;1;{time,day};8;2026-01-22 15:21:15.776722+00
pqq-time-009;pq-time;multiple_choice;「明日」の読み方は？;;;"[{""id"": ""A"", ""text"": ""あした""}, {""id"": ""B"", ""text"": ""みょうにち""}, {""id"": ""C"", ""text"": ""あす""}, {""id"": ""D"", ""text"": ""A dan C benar""}]";D;「明日」bisa dibaca「あした」atau「あす」= besok.;Besok;1;{time,day};9;2026-01-22 15:21:15.776722+00
pqq-time-010;pq-time;multiple_choice;「午前」の意味は？;;;"[{""id"": ""A"", ""text"": ""Sore""}, {""id"": ""B"", ""text"": ""Malam""}, {""id"": ""C"", ""text"": ""Pagi (AM)""}, {""id"": ""D"", ""text"": ""Siang""}]";C;「午前」(gozen) = AM/pagi.「午後」(gogo) = PM/siang-sore.;Sebelum tengah hari;1;{time,period};10;2026-01-22 15:21:15.776722+00
pqq-time-011;pq-time;multiple_choice;8:30 dalam bahasa Jepang?;;;"[{""id"": ""A"", ""text"": ""八時半""}, {""id"": ""B"", ""text"": ""八時三十分""}, {""id"": ""C"", ""text"": ""A dan B benar""}, {""id"": ""D"", ""text"": ""Tidak ada yang benar""}]";C;8:30 bisa ditulis「八時半」atau「八時三十分」.;半 = setengah;1;{time,hour};11;2026-01-22 15:21:15.776722+00
pqq-time-012;pq-time;multiple_choice;「毎日」の意味は？;;;"[{""id"": ""A"", ""text"": ""Setiap minggu""}, {""id"": ""B"", ""text"": ""Setiap hari""}, {""id"": ""C"", ""text"": ""Setiap bulan""}, {""id"": ""D"", ""text"": ""Setiap tahun""}]";B;「毎日」(mainichi) = setiap hari.;毎 = setiap, 日 = hari;1;{time,frequency};12;2026-01-22 15:21:15.776722+00
pqq-time-013;pq-time;multiple_choice;「一分」の読み方は？;;;"[{""id"": ""A"", ""text"": ""いちふん""}, {""id"": ""B"", ""text"": ""いっぷん""}, {""id"": ""C"", ""text"": ""ひとふん""}, {""id"": ""D"", ""text"": ""いちぶん""}]";B;「一分」dibaca「いっぷん」.;1 → いっぷん;2;{time,minute,exception};13;2026-01-22 15:21:15.776722+00
pqq-time-014;pq-time;multiple_choice;「八分」の読み方は？;;;"[{""id"": ""A"", ""text"": ""はちふん""}, {""id"": ""B"", ""text"": ""はっぷん""}, {""id"": ""C"", ""text"": ""やふん""}, {""id"": ""D"", ""text"": ""はちぶん""}]";B;「八分」dibaca「はっぷん」.;8 → はっぷん;2;{time,minute,exception};14;2026-01-22 15:21:15.776722+00
pqq-time-015;pq-time;multiple_choice;「何時」の読み方は？;;;"[{""id"": ""A"", ""text"": ""なにじ""}, {""id"": ""B"", ""text"": ""なんじ""}, {""id"": ""C"", ""text"": ""いつじ""}, {""id"": ""D"", ""text"": ""なんとき""}]";B;「何時」dibaca「なんじ」= jam berapa.;Untuk bertanya jam;1;{time,question};15;2026-01-22 15:21:15.776722+00
pqq-verb-001;pq-verbs;multiple_choice;「食べます」の意味は？;;;"[{""id"": ""A"", ""text"": ""Minum""}, {""id"": ""B"", ""text"": ""Makan""}, {""id"": ""C"", ""text"": ""Tidur""}, {""id"": ""D"", ""text"": ""Bangun""}]";B;「食べます」(tabemasu) = makan.;Aktivitas dengan mulut;1;{verb,daily};1;2026-01-22 15:21:53.853957+00
pqq-verb-002;pq-verbs;multiple_choice;「飲みます」の意味は？;;;"[{""id"": ""A"", ""text"": ""Makan""}, {""id"": ""B"", ""text"": ""Minum""}, {""id"": ""C"", ""text"": ""Berjalan""}, {""id"": ""D"", ""text"": ""Berlari""}]";B;「飲みます」(nomimasu) = minum.;Untuk cairan;1;{verb,daily};2;2026-01-22 15:21:53.853957+00
pqq-verb-003;pq-verbs;multiple_choice;「行きます」の意味は？;;;"[{""id"": ""A"", ""text"": ""Datang""}, {""id"": ""B"", ""text"": ""Pulang""}, {""id"": ""C"", ""text"": ""Pergi""}, {""id"": ""D"", ""text"": ""Kembali""}]";C;「行きます」(ikimasu) = pergi.;Meninggalkan tempat;1;{verb,movement};3;2026-01-22 15:21:53.853957+00
pqq-verb-004;pq-verbs;multiple_choice;「来ます」の意味は？;;;"[{""id"": ""A"", ""text"": ""Pergi""}, {""id"": ""B"", ""text"": ""Datang""}, {""id"": ""C"", ""text"": ""Pulang""}, {""id"": ""D"", ""text"": ""Masuk""}]";B;「来ます」(kimasu) = datang.;Mendekati;1;{verb,movement};4;2026-01-22 15:21:53.853957+00
pqq-verb-005;pq-verbs;multiple_choice;Bentuk negatif dari「行きます」?;;;"[{""id"": ""A"", ""text"": ""行きました""}, {""id"": ""B"", ""text"": ""行きません""}, {""id"": ""C"", ""text"": ""行かない""}, {""id"": ""D"", ""text"": ""行って""}]";B;ます → ません.「行きます」→「行きません」.;Ganti ます dengan ません;1;{verb,negative};5;2026-01-22 15:21:53.853957+00
pqq-verb-006;pq-verbs;multiple_choice;Bentuk negatif dari「食べます」?;;;"[{""id"": ""A"", ""text"": ""食べました""}, {""id"": ""B"", ""text"": ""食べません""}, {""id"": ""C"", ""text"": ""食べない""}, {""id"": ""D"", ""text"": ""食べて""}]";B;「食べます」→「食べません」= tidak makan.;Ganti ます dengan ません;1;{verb,negative};6;2026-01-22 15:21:53.853957+00
pqq-verb-007;pq-verbs;multiple_choice;「働きます」の意味は？;;;"[{""id"": ""A"", ""text"": ""Bermain""}, {""id"": ""B"", ""text"": ""Belajar""}, {""id"": ""C"", ""text"": ""Bekerja""}, {""id"": ""D"", ""text"": ""Istirahat""}]";C;「働きます」(hatarakimasu) = bekerja.;Aktivitas di kantor/pabrik;1;{verb,work};7;2026-01-22 15:21:53.853957+00
pqq-verb-008;pq-verbs;multiple_choice;「休みます」の意味は？;;;"[{""id"": ""A"", ""text"": ""Bekerja""}, {""id"": ""B"", ""text"": ""Istirahat/Libur""}, {""id"": ""C"", ""text"": ""Mulai""}, {""id"": ""D"", ""text"": ""Selesai""}]";B;「休みます」(yasumimasu) = istirahat/libur.;Tidak bekerja;1;{verb,work};8;2026-01-22 15:21:53.853957+00
pqq-verb-009;pq-verbs;multiple_choice;「起きます」の意味は？;;;"[{""id"": ""A"", ""text"": ""Tidur""}, {""id"": ""B"", ""text"": ""Bangun""}, {""id"": ""C"", ""text"": ""Duduk""}, {""id"": ""D"", ""text"": ""Berdiri""}]";B;「起きます」(okimasu) = bangun.;Aktivitas pagi;1;{verb,daily};9;2026-01-22 15:21:53.853957+00
pqq-verb-010;pq-verbs;multiple_choice;「寝ます」の意味は？;;;"[{""id"": ""A"", ""text"": ""Bangun""}, {""id"": ""B"", ""text"": ""Tidur""}, {""id"": ""C"", ""text"": ""Duduk""}, {""id"": ""D"", ""text"": ""Berdiri""}]";B;「寝ます」(nemasu) = tidur.;Aktivitas malam;1;{verb,daily};10;2026-01-22 15:21:53.853957+00
pqq-verb-011;pq-verbs;multiple_choice;「見ます」の意味は？;;;"[{""id"": ""A"", ""text"": ""Mendengar""}, {""id"": ""B"", ""text"": ""Melihat/Menonton""}, {""id"": ""C"", ""text"": ""Membaca""}, {""id"": ""D"", ""text"": ""Menulis""}]";B;「見ます」(mimasu) = melihat/menonton.;Dengan mata;1;{verb,daily};11;2026-01-22 15:21:53.853957+00
pqq-verb-012;pq-verbs;multiple_choice;「聞きます」の意味は？;;;"[{""id"": ""A"", ""text"": ""Melihat""}, {""id"": ""B"", ""text"": ""Mendengar""}, {""id"": ""C"", ""text"": ""Berbicara""}, {""id"": ""D"", ""text"": ""Menulis""}]";B;「聞きます」(kikimasu) = mendengar/bertanya.;Dengan telinga;1;{verb,daily};12;2026-01-22 15:21:53.853957+00
pqq-verb-013;pq-verbs;multiple_choice;「読みます」の意味は？;;;"[{""id"": ""A"", ""text"": ""Menulis""}, {""id"": ""B"", ""text"": ""Membaca""}, {""id"": ""C"", ""text"": ""Berbicara""}, {""id"": ""D"", ""text"": ""Mendengar""}]";B;「読みます」(yomimasu) = membaca.;Aktivitas dengan buku;1;{verb,daily};13;2026-01-22 15:21:53.853957+00
pqq-verb-014;pq-verbs;multiple_choice;「書きます」の意味は？;;;"[{""id"": ""A"", ""text"": ""Membaca""}, {""id"": ""B"", ""text"": ""Menulis""}, {""id"": ""C"", ""text"": ""Menggambar""}, {""id"": ""D"", ""text"": ""B dan C benar""}]";D;「書きます」(kakimasu) = menulis/menggambar.;Dengan tangan;1;{verb,daily};14;2026-01-22 15:21:53.853957+00
pqq-verb-015;pq-verbs;multiple_choice;「買います」の意味は？;;;"[{""id"": ""A"", ""text"": ""Menjual""}, {""id"": ""B"", ""text"": ""Membeli""}, {""id"": ""C"", ""text"": ""Membawa""}, {""id"": ""D"", ""text"": ""Mengirim""}]";B;「買います」(kaimasu) = membeli.;Di toko;1;{verb,daily};15;2026-01-22 15:21:53.853957+00
pqq-work-001;pq-workplace;multiple_choice;Salam pagi di tempat kerja?;;;"[{""id"": ""A"", ""text"": ""こんにちは""}, {""id"": ""B"", ""text"": ""おはようございます""}, {""id"": ""C"", ""text"": ""こんばんは""}, {""id"": ""D"", ""text"": ""さようなら""}]";B;「おはようございます」untuk salam pagi formal.;Pagi = おはよう;1;{workplace,greeting};1;2026-01-22 15:22:31.076483+00
pqq-work-002;pq-workplace;multiple_choice;Ekspresi saat selesai kerja kepada rekan?;;;"[{""id"": ""A"", ""text"": ""いただきます""}, {""id"": ""B"", ""text"": ""ごちそうさま""}, {""id"": ""C"", ""text"": ""お疲れ様です""}, {""id"": ""D"", ""text"": ""おはようございます""}]";C;「お疲れ様です」= terima kasih atas kerja kerasnya.;Setelah kerja;1;{workplace,greeting};2;2026-01-22 15:22:31.076483+00
pqq-work-003;pq-workplace;multiple_choice;Ekspresi saat memperkenalkan diri?;;;"[{""id"": ""A"", ""text"": ""ありがとうございます""}, {""id"": ""B"", ""text"": ""よろしくお願いします""}, {""id"": ""C"", ""text"": ""すみません""}, {""id"": ""D"", ""text"": ""失礼します""}]";B;「よろしくお願いします」= mohon kerjasamanya.;Perkenalan;1;{workplace,greeting};3;2026-01-22 15:22:31.076483+00
pqq-work-004;pq-workplace;multiple_choice;Ekspresi saat mengerti instruksi?;;;"[{""id"": ""A"", ""text"": ""すみません""}, {""id"": ""B"", ""text"": ""分かりました""}, {""id"": ""C"", ""text"": ""ありがとう""}, {""id"": ""D"", ""text"": ""ごめんなさい""}]";B;「分かりました」= saya mengerti.;Memahami;1;{workplace,response};4;2026-01-22 15:22:31.076483+00
pqq-work-005;pq-workplace;multiple_choice;Ekspresi saat masuk ruangan orang lain?;;;"[{""id"": ""A"", ""text"": ""失礼します""}, {""id"": ""B"", ""text"": ""お疲れ様です""}, {""id"": ""C"", ""text"": ""頑張ります""}, {""id"": ""D"", ""text"": ""ありがとう""}]";A;「失礼します」= permisi (masuk/keluar ruangan).;Sopan santun;2;{workplace,polite};5;2026-01-22 15:22:31.076483+00
pqq-work-006;pq-workplace;multiple_choice;Ekspresi saat pulang duluan?;;;"[{""id"": ""A"", ""text"": ""お疲れ様です""}, {""id"": ""B"", ""text"": ""お先に失礼します""}, {""id"": ""C"", ""text"": ""いってきます""}, {""id"": ""D"", ""text"": ""ただいま""}]";B;「お先に失礼します」= permisi, saya pulang duluan.;Pulang lebih awal;2;{workplace,farewell};6;2026-01-22 15:22:31.076483+00
pqq-work-007;pq-workplace;multiple_choice;「研修生」の意味は？;;;"[{""id"": ""A"", ""text"": ""Guru""}, {""id"": ""B"", ""text"": ""Peserta magang""}, {""id"": ""C"", ""text"": ""Karyawan""}, {""id"": ""D"", ""text"": ""Manager""}]";B;「研修生」(kenshuusei) = peserta magang/trainee.;Status di Jepang;1;{workplace,title};7;2026-01-22 15:22:31.076483+00
pqq-work-008;pq-workplace;multiple_choice;「残業」の意味は？;;;"[{""id"": ""A"", ""text"": ""Libur""}, {""id"": ""B"", ""text"": ""Istirahat""}, {""id"": ""C"", ""text"": ""Lembur""}, {""id"": ""D"", ""text"": ""Cuti""}]";C;「残業」(zangyou) = lembur (kerja lebih).;Kerja tambahan;1;{workplace,work};8;2026-01-22 15:22:31.076483+00
pqq-work-009;pq-workplace;multiple_choice;Ekspresi saat minta maaf karena terlambat?;;;"[{""id"": ""A"", ""text"": ""ありがとう""}, {""id"": ""B"", ""text"": ""すみません、遅れました""}, {""id"": ""C"", ""text"": ""お疲れ様""}, {""id"": ""D"", ""text"": ""頑張ります""}]";B;「すみません、遅れました」= maaf, saya terlambat.;Minta maaf;1;{workplace,apology};9;2026-01-22 15:22:31.076483+00
pqq-work-010;pq-workplace;multiple_choice;Ekspresi untuk menunjukkan semangat?;;;"[{""id"": ""A"", ""text"": ""疲れました""}, {""id"": ""B"", ""text"": ""頑張ります""}, {""id"": ""C"", ""text"": ""分かりません""}, {""id"": ""D"", ""text"": ""すみません""}]";B;「頑張ります」= saya akan berusaha.;Semangat;1;{workplace,motivation};10;2026-01-22 15:22:31.076483+00
pqq-n3-bus-1;pqs-n3-business;multiple_choice;「ご検討のほど、よろしく＿＿＿」正しいのは？;;;"[{""id"": ""A"", ""text"": ""お願いいたします""}, {""id"": ""B"", ""text"": ""お願いします""}, {""id"": ""C"", ""text"": ""願います""}, {""id"": ""D"", ""text"": ""頼みます""}]";A;ビジネスでは丁寧な表現を使います。;;1;;1;2026-02-06 13:18:12.073924+00
pqq-n3-bus-2;pqs-n3-business;multiple_choice;「お忙しいところ＿＿＿」正しいのは？;;;"[{""id"": ""A"", ""text"": ""恐れ入りますが""}, {""id"": ""B"", ""text"": ""すみませんが""}, {""id"": ""C"", ""text"": ""ごめんなさいが""}, {""id"": ""D"", ""text"": ""申し訳ないが""}]";A;「恐れ入りますが」はビジネスの丁寧表現です。;;1;;2;2026-02-06 13:18:12.073924+00
pqq-n3-bus-3;pqs-n3-business;multiple_choice;「ご返信＿＿＿」正しいのは？;;;"[{""id"": ""A"", ""text"": ""いただければ幸いです""}, {""id"": ""B"", ""text"": ""もらえればいいです""}, {""id"": ""C"", ""text"": ""くれればうれしい""}, {""id"": ""D"", ""text"": ""してほしい""}]";A;依頼の丁寧表現は「いただければ幸いです」です。;;1;;3;2026-02-06 13:18:12.073924+00
pqq-n3-bus-4;pqs-n3-business;multiple_choice;「ご多忙中＿＿＿」正しいのは？;;;"[{""id"": ""A"", ""text"": ""大変恐縮ですが""}, {""id"": ""B"", ""text"": ""忙しいところ""}, {""id"": ""C"", ""text"": ""申し訳ないが""}, {""id"": ""D"", ""text"": ""すみませんが""}]";A;「恐縮ですが」はビジネスの謙遜表現です。;;1;;4;2026-02-06 13:18:12.073924+00
pqq-n3-bus-5;pqs-n3-business;multiple_choice;「ご不明な点がございましたら、＿＿＿」正しいのは？;;;"[{""id"": ""A"", ""text"": ""お問い合わせください""}, {""id"": ""B"", ""text"": ""聞いてください""}, {""id"": ""C"", ""text"": ""質問してください""}, {""id"": ""D"", ""text"": ""連絡してください""}]";A;「お問い合わせください」はビジネスの丁寧表現です。;;1;;5;2026-02-06 13:18:12.073924+00
pqq-n3-bus-6;pqs-n3-business;multiple_choice;「＿＿＿、よろしくお願いいたします」正しいのは？;;;"[{""id"": ""A"", ""text"": ""今後とも""}, {""id"": ""B"", ""text"": ""これから""}, {""id"": ""C"", ""text"": ""あとで""}, {""id"": ""D"", ""text"": ""将来""}]";A;「今後とも」はビジネスでの継続的関係を表します。;;1;;6;2026-02-06 13:18:12.073924+00
pqq-n3-bus-7;pqs-n3-business;multiple_choice;「ご確認の＿＿＿、ご連絡ください」正しいのは？;;;"[{""id"": ""A"", ""text"": ""上""}, {""id"": ""B"", ""text"": ""後""}, {""id"": ""C"", ""text"": ""前""}, {""id"": ""D"", ""text"": ""中""}]";A;「〜の上」は after doing という意味です。;;1;;7;2026-02-06 13:18:12.073924+00
pqq-n3-bus-8;pqs-n3-business;multiple_choice;「お手数を＿＿＿」正しいのは？;;;"[{""id"": ""A"", ""text"": ""おかけしますが""}, {""id"": ""B"", ""text"": ""かけますが""}, {""id"": ""C"", ""text"": ""おかけになりますが""}, {""id"": ""D"", ""text"": ""かけられますが""}]";A;「お手数をおかけする」は謙譲表現です。;;1;;8;2026-02-06 13:18:12.073924+00
pqq-n3-bus-9;pqs-n3-business;multiple_choice;「＿＿＿のご連絡を差し上げました」正しいのは？;;;"[{""id"": ""A"", ""text"": ""取り急ぎ""}, {""id"": ""B"", ""text"": ""急いで""}, {""id"": ""C"", ""text"": ""早く""}, {""id"": ""D"", ""text"": ""すぐに""}]";A;「取り急ぎ」はビジネスメールでよく使います。;;1;;9;2026-02-06 13:18:12.073924+00
pqq-n3-bus-10;pqs-n3-business;multiple_choice;「何卒ご＿＿＿ください」正しいのは？;;;"[{""id"": ""A"", ""text"": ""了承""}, {""id"": ""B"", ""text"": ""理解""}, {""id"": ""C"", ""text"": ""許可""}, {""id"": ""D"", ""text"": ""認可""}]";A;「ご了承ください」はビジネスの依頼表現です。;;1;;10;2026-02-06 13:18:12.073924+00
pqq-n3-com-1;pqs-n3-compound;multiple_choice;「雨が降り＿＿＿」始まりを表すのは？;;;"[{""id"": ""A"", ""text"": ""始めた""}, {""id"": ""B"", ""text"": ""終わった""}, {""id"": ""C"", ""text"": ""続けた""}, {""id"": ""D"", ""text"": ""出した""}]";A;「〜始める」は開始を表します。;;1;;1;2026-02-06 13:17:35.409564+00
pqq-n3-com-2;pqs-n3-compound;multiple_choice;「本を読み＿＿＿」終わりを表すのは？;;;"[{""id"": ""A"", ""text"": ""終わった""}, {""id"": ""B"", ""text"": ""始めた""}, {""id"": ""C"", ""text"": ""続けた""}, {""id"": ""D"", ""text"": ""出した""}]";A;「〜終わる」は完了を表します。;;1;;2;2026-02-06 13:17:35.409564+00
pqq-n3-com-3;pqs-n3-compound;multiple_choice;「勉強し＿＿＿」継続を表すのは？;;;"[{""id"": ""A"", ""text"": ""続ける""}, {""id"": ""B"", ""text"": ""始める""}, {""id"": ""C"", ""text"": ""終わる""}, {""id"": ""D"", ""text"": ""出す""}]";A;「〜続ける」は継続を表します。;;1;;3;2026-02-06 13:17:35.409564+00
pqq-n3-com-4;pqs-n3-compound;multiple_choice;「急に泣き＿＿＿」突然を表すのは？;;;"[{""id"": ""A"", ""text"": ""出した""}, {""id"": ""B"", ""text"": ""始めた""}, {""id"": ""C"", ""text"": ""終わった""}, {""id"": ""D"", ""text"": ""続けた""}]";A;「〜出す」は突然の開始を表します。;;1;;4;2026-02-06 13:17:35.409564+00
pqq-n3-com-5;pqs-n3-compound;multiple_choice;「話し＿＿＿」相互を表すのは？;;;"[{""id"": ""A"", ""text"": ""合う""}, {""id"": ""B"", ""text"": ""込む""}, {""id"": ""C"", ""text"": ""切る""}, {""id"": ""D"", ""text"": ""抜く""}]";A;「〜合う」は相互の動作を表します。;;1;;5;2026-02-06 13:17:35.409564+00
pqq-n3-com-6;pqs-n3-compound;multiple_choice;「電車に乗り＿＿＿」移動を表すのは？;;;"[{""id"": ""A"", ""text"": ""込む""}, {""id"": ""B"", ""text"": ""合う""}, {""id"": ""C"", ""text"": ""切る""}, {""id"": ""D"", ""text"": ""抜く""}]";A;「〜込む」は中に入ることを表します。;;1;;6;2026-02-06 13:17:35.409564+00
pqq-n3-com-7;pqs-n3-compound;multiple_choice;「あきらめ＿＿＿」完全を表すのは？;;;"[{""id"": ""A"", ""text"": ""切る""}, {""id"": ""B"", ""text"": ""込む""}, {""id"": ""C"", ""text"": ""合う""}, {""id"": ""D"", ""text"": ""抜く""}]";A;「〜切る」は完全にを表します。;;1;;7;2026-02-06 13:17:35.409564+00
pqq-n3-com-8;pqs-n3-compound;multiple_choice;「困難を乗り＿＿＿」克服を表すのは？;;;"[{""id"": ""A"", ""text"": ""越える""}, {""id"": ""B"", ""text"": ""込む""}, {""id"": ""C"", ""text"": ""切る""}, {""id"": ""D"", ""text"": ""抜く""}]";A;「乗り越える」は克服を表します。;;1;;8;2026-02-06 13:17:35.409564+00
pqq-n3-com-9;pqs-n3-compound;multiple_choice;「疲れ＿＿＿」極限を表すのは？;;;"[{""id"": ""A"", ""text"": ""切った""}, {""id"": ""B"", ""text"": ""込んだ""}, {""id"": ""C"", ""text"": ""合った""}, {""id"": ""D"", ""text"": ""抜いた""}]";A;「〜切る」は限界に達することも表します。;;1;;9;2026-02-06 13:17:35.409564+00
pqq-n3-com-10;pqs-n3-compound;multiple_choice;「最後までやり＿＿＿」完遂を表すのは？;;;"[{""id"": ""A"", ""text"": ""抜く""}, {""id"": ""B"", ""text"": ""込む""}, {""id"": ""C"", ""text"": ""切る""}, {""id"": ""D"", ""text"": ""合う""}]";A;「〜抜く」は最後まで完遂を表します。;;1;;10;2026-02-06 13:17:35.409564+00
pqq-n3-kei-1;pqs-n3-keigo-adv;multiple_choice;「お客様がお＿＿＿になりました」正しいのは？;;;"[{""id"": ""A"", ""text"": ""帰り""}, {""id"": ""B"", ""text"": ""帰って""}, {""id"": ""C"", ""text"": ""帰られ""}, {""id"": ""D"", ""text"": ""お帰りして""}]";A;「お＋動詞ます形＋になる」は尊敬語です。;;1;;1;2026-02-06 13:17:35.409564+00
pqq-n3-kei-2;pqs-n3-keigo-adv;multiple_choice;「私がご案内＿＿＿」正しいのは？;;;"[{""id"": ""A"", ""text"": ""いたします""}, {""id"": ""B"", ""text"": ""なさいます""}, {""id"": ""C"", ""text"": ""されます""}, {""id"": ""D"", ""text"": ""になります""}]";A;「ご＋名詞＋いたす」は謙譲語です。;;1;;2;2026-02-06 13:17:35.409564+00
pqq-n3-kei-3;pqs-n3-keigo-adv;multiple_choice;「部長は今、会議室に＿＿＿」正しいのは？;;;"[{""id"": ""A"", ""text"": ""いらっしゃいます""}, {""id"": ""B"", ""text"": ""おります""}, {""id"": ""C"", ""text"": ""います""}, {""id"": ""D"", ""text"": ""まいります""}]";A;上司の居場所には尊敬語を使います。;;1;;3;2026-02-06 13:17:35.409564+00
pqq-n3-kei-4;pqs-n3-keigo-adv;multiple_choice;「私は山田と＿＿＿」正しいのは？;;;"[{""id"": ""A"", ""text"": ""申します""}, {""id"": ""B"", ""text"": ""おっしゃいます""}, {""id"": ""C"", ""text"": ""言われます""}, {""id"": ""D"", ""text"": ""お言いになります""}]";A;自己紹介には謙譲語を使います。;;1;;4;2026-02-06 13:17:35.409564+00
pqq-n3-kei-5;pqs-n3-keigo-adv;multiple_choice;「社長がこちらへ＿＿＿」正しいのは？;;;"[{""id"": ""A"", ""text"": ""お越しになります""}, {""id"": ""B"", ""text"": ""参ります""}, {""id"": ""C"", ""text"": ""来ます""}, {""id"": ""D"", ""text"": ""まいります""}]";A;「お越しになる」は「来る」の尊敬語です。;;1;;5;2026-02-06 13:17:35.409564+00
pqq-n3-kei-6;pqs-n3-keigo-adv;multiple_choice;「ご注文は＿＿＿か」正しいのは？;;;"[{""id"": ""A"", ""text"": ""お決まりになりました""}, {""id"": ""B"", ""text"": ""決めました""}, {""id"": ""C"", ""text"": ""決まりました""}, {""id"": ""D"", ""text"": ""お決めしました""}]";A;客への質問には尊敬語を使います。;;1;;6;2026-02-06 13:17:35.409564+00
pqq-n3-kei-7;pqs-n3-keigo-adv;multiple_choice;「お荷物を＿＿＿」正しいのは？;;;"[{""id"": ""A"", ""text"": ""お持ちいたします""}, {""id"": ""B"", ""text"": ""お持ちになります""}, {""id"": ""C"", ""text"": ""持たれます""}, {""id"": ""D"", ""text"": ""持ちます""}]";A;自分の行為には謙譲語を使います。;;1;;7;2026-02-06 13:17:35.409564+00
pqq-n3-kei-8;pqs-n3-keigo-adv;multiple_choice;「課長はもう＿＿＿か」正しいのは？;;;"[{""id"": ""A"", ""text"": ""お帰りになりました""}, {""id"": ""B"", ""text"": ""帰りました""}, {""id"": ""C"", ""text"": ""お帰りしました""}, {""id"": ""D"", ""text"": ""帰られました""}]";A;上司の行動には尊敬語を使います。;;1;;8;2026-02-06 13:17:35.409564+00
pqq-n3-kei-9;pqs-n3-keigo-adv;multiple_choice;「資料を＿＿＿」正しいのは？;;;"[{""id"": ""A"", ""text"": ""拝見いたしました""}, {""id"": ""B"", ""text"": ""ご覧になりました""}, {""id"": ""C"", ""text"": ""見られました""}, {""id"": ""D"", ""text"": ""お見になりました""}]";A;「拝見する」は謙譲語です。;;1;;9;2026-02-06 13:17:35.409564+00
pqq-n3-kei-10;pqs-n3-keigo-adv;multiple_choice;「お名前を＿＿＿」正しいのは？;;;"[{""id"": ""A"", ""text"": ""うかがってもよろしいでしょうか""}, {""id"": ""B"", ""text"": ""聞いてもいいですか""}, {""id"": ""C"", ""text"": ""お聞きになりますか""}, {""id"": ""D"", ""text"": ""聞かれますか""}]";A;「うかがう」は「聞く」の謙譲語です。;;1;;10;2026-02-06 13:17:35.409564+00
pqq-n3-pat-1;pqs-n3-patterns;multiple_choice;「雨＿＿＿、試合は行われた」正しいのは？;;;"[{""id"": ""A"", ""text"": ""にもかかわらず""}, {""id"": ""B"", ""text"": ""なのに""}, {""id"": ""C"", ""text"": ""でも""}, {""id"": ""D"", ""text"": ""けど""}]";A;「〜にもかかわらず」は despite という意味です。;;1;;1;2026-02-06 13:18:12.073924+00
pqq-n3-pat-2;pqs-n3-patterns;multiple_choice;「時間が経つ＿＿＿、忘れていく」正しいのは？;;;"[{""id"": ""A"", ""text"": ""につれて""}, {""id"": ""B"", ""text"": ""について""}, {""id"": ""C"", ""text"": ""によって""}, {""id"": ""D"", ""text"": ""にとって""}]";A;「〜につれて」は as... という意味です。;;1;;2;2026-02-06 13:18:12.073924+00
pqq-n3-pat-3;pqs-n3-patterns;multiple_choice;「彼の話＿＿＿、計画は成功するだろう」正しいのは？;;;"[{""id"": ""A"", ""text"": ""によると""}, {""id"": ""B"", ""text"": ""によって""}, {""id"": ""C"", ""text"": ""について""}, {""id"": ""D"", ""text"": ""にとって""}]";A;「〜によると」は according to という意味です。;;1;;3;2026-02-06 13:18:12.073924+00
pqq-n3-pat-4;pqs-n3-patterns;multiple_choice;「日本語＿＿＿、中国語も話せる」正しいのは？;;;"[{""id"": ""A"", ""text"": ""はもちろん""}, {""id"": ""B"", ""text"": ""だけでなく""}, {""id"": ""C"", ""text"": ""のほかに""}, {""id"": ""D"", ""text"": ""ばかりか""}]";A;「〜はもちろん」は not only... but also です。;;1;;4;2026-02-06 13:18:12.073924+00
pqq-n3-pat-5;pqs-n3-patterns;multiple_choice;「約束した＿＿＿、必ず来て」正しいのは？;;;"[{""id"": ""A"", ""text"": ""以上""}, {""id"": ""B"", ""text"": ""上で""}, {""id"": ""C"", ""text"": ""ため""}, {""id"": ""D"", ""text"": ""から""}]";A;「〜以上」は since you have... という意味です。;;1;;5;2026-02-06 13:18:12.073924+00
pqq-n3-pat-6;pqs-n3-patterns;multiple_choice;「説明を聞い＿＿＿わかった」正しいのは？;;;"[{""id"": ""A"", ""text"": ""てはじめて""}, {""id"": ""B"", ""text"": ""てから""}, {""id"": ""C"", ""text"": ""たあと""}, {""id"": ""D"", ""text"": ""てすぐ""}]";A;「〜てはじめて」は only after doing です。;;1;;6;2026-02-06 13:18:12.073924+00
pqq-n3-pat-7;pqs-n3-patterns;multiple_choice;「勉強する＿＿＿遊んでいる」正しいのは？;;;"[{""id"": ""A"", ""text"": ""かわりに""}, {""id"": ""B"", ""text"": ""ために""}, {""id"": ""C"", ""text"": ""ように""}, {""id"": ""D"", ""text"": ""ほど""}]";A;「〜かわりに」は instead of です。;;1;;7;2026-02-06 13:18:12.073924+00
pqq-n3-pat-8;pqs-n3-patterns;multiple_choice;「社長＿＿＿解決は難しい」正しいのは？;;;"[{""id"": ""A"", ""text"": ""でさえ""}, {""id"": ""B"", ""text"": ""でも""}, {""id"": ""C"", ""text"": ""さえ""}, {""id"": ""D"", ""text"": ""だけ""}]";A;「〜でさえ」は even... という意味です。;;1;;8;2026-02-06 13:18:12.073924+00
pqq-n3-pat-9;pqs-n3-patterns;multiple_choice;「失敗する＿＿＿だ」正しいのは？;;;"[{""id"": ""A"", ""text"": ""おそれがある""}, {""id"": ""B"", ""text"": ""かもしれない""}, {""id"": ""C"", ""text"": ""だろう""}, {""id"": ""D"", ""text"": ""はずだ""}]";A;「〜おそれがある」は there is a fear that です。;;1;;9;2026-02-06 13:18:12.073924+00
pqq-n3-pat-10;pqs-n3-patterns;multiple_choice;「やる＿＿＿」正しいのは？;;;"[{""id"": ""A"", ""text"": ""しかない""}, {""id"": ""B"", ""text"": ""だけだ""}, {""id"": ""C"", ""text"": ""ばかりだ""}, {""id"": ""D"", ""text"": ""のみだ""}]";A;「〜しかない」は have no choice but to です。;;1;;10;2026-02-06 13:18:12.073924+00
pqq-n3-rea-1;pqs-n3-reading;multiple_choice;「若者の読書離れが進んでいる一方、電子書籍の利用者は増加している。」主旨は？;;;"[{""id"": ""A"", ""text"": ""本を読む人が減った""}, {""id"": ""B"", ""text"": ""読書の形態が変化している""}, {""id"": ""C"", ""text"": ""電子書籍は人気がない""}, {""id"": ""D"", ""text"": ""若者は本が嫌い""}]";B;紙から電子への変化を述べています。;;1;;1;2026-02-06 13:18:29.552954+00
pqq-n3-rea-2;pqs-n3-reading;multiple_choice;「環境問題の解決には個人の意識改革が必要だ。」筆者の主張は？;;;"[{""id"": ""A"", ""text"": ""政府が解決すべき""}, {""id"": ""B"", ""text"": ""一人一人の行動が大切""}, {""id"": ""C"", ""text"": ""大企業の責任""}, {""id"": ""D"", ""text"": ""技術で解決できる""}]";B;「個人の意識改革」と述べています。;;1;;2;2026-02-06 13:18:29.552954+00
pqq-n3-rea-3;pqs-n3-reading;multiple_choice;「テレワークにはメリットもあればデメリットもある。」正しいのは？;;;"[{""id"": ""A"", ""text"": ""メリットだけ""}, {""id"": ""B"", ""text"": ""デメリットだけ""}, {""id"": ""C"", ""text"": ""両面がある""}, {""id"": ""D"", ""text"": ""効果がない""}]";C;「〜もあれば〜もある」は両面を示します。;;1;;3;2026-02-06 13:18:29.552954+00
pqq-n3-rea-4;pqs-n3-reading;multiple_choice;「成功には失敗を恐れないことが大切だ。失敗から学べば無駄ではない。」主旨は？;;;"[{""id"": ""A"", ""text"": ""失敗は避けるべき""}, {""id"": ""B"", ""text"": ""失敗は成功への糧""}, {""id"": ""C"", ""text"": ""成功は運""}, {""id"": ""D"", ""text"": ""努力は無意味""}]";B;失敗から学ぶことの重要性を述べています。;;1;;4;2026-02-06 13:18:29.552954+00
pqq-n3-rea-5;pqs-n3-reading;multiple_choice;「日本の名刺交換では、両手で受け取り、すぐにしまわないのが礼儀だ。」正しいのは？;;;"[{""id"": ""A"", ""text"": ""すぐにしまう""}, {""id"": ""B"", ""text"": ""しばらく手元に置く""}, {""id"": ""C"", ""text"": ""片手で受け取る""}, {""id"": ""D"", ""text"": ""すぐに読まない""}]";B;「すぐにしまわない」と述べています。;;1;;5;2026-02-06 13:18:29.552954+00
pqq-n3-rea-6;pqs-n3-reading;multiple_choice;「健康には適度な運動と十分な睡眠が大切だが、現代人は確保が難しい。」問題点は？;;;"[{""id"": ""A"", ""text"": ""運動しすぎ""}, {""id"": ""B"", ""text"": ""睡眠過多""}, {""id"": ""C"", ""text"": ""時間が取れない""}, {""id"": ""D"", ""text"": ""関心がない""}]";C;「確保が難しい」と述べています。;;1;;6;2026-02-06 13:18:29.552954+00
pqq-n3-rea-7;pqs-n3-reading;multiple_choice;「少子高齢化により労働力の減少、社会保障費の増大が問題だ。」述べられていないのは？;;;"[{""id"": ""A"", ""text"": ""労働力の減少""}, {""id"": ""B"", ""text"": ""社会保障費の増大""}, {""id"": ""C"", ""text"": ""経済成長の加速""}, {""id"": ""D"", ""text"": ""様々な影響""}]";C;経済成長の加速は述べられていません。;;1;;7;2026-02-06 13:18:29.552954+00
pqq-n3-rea-8;pqs-n3-reading;multiple_choice;「AIの発展により多くの仕事が自動化される可能性がある。」正しいのは？;;;"[{""id"": ""A"", ""text"": ""仕事がなくなる""}, {""id"": ""B"", ""text"": ""仕事の変化が予想される""}, {""id"": ""C"", ""text"": ""AIは危険""}, {""id"": ""D"", ""text"": ""人間は不要""}]";B;「可能性がある」と述べています。;;1;;8;2026-02-06 13:18:29.552954+00
pqq-n3-rea-9;pqs-n3-reading;multiple_choice;「グローバル化に伴い、異文化理解の重要性が増している。」主旨は？;;;"[{""id"": ""A"", ""text"": ""グローバル化は悪い""}, {""id"": ""B"", ""text"": ""異文化理解が重要""}, {""id"": ""C"", ""text"": ""日本文化が一番""}, {""id"": ""D"", ""text"": ""言語学習が必要""}]";B;「重要性が増している」と述べています。;;1;;9;2026-02-06 13:18:29.552954+00
pqq-n3-rea-10;pqs-n3-reading;multiple_choice;「食品ロスを減らすため、消費期限の近い商品から購入するよう呼びかけている。」目的は？;;;"[{""id"": ""A"", ""text"": ""安く買う""}, {""id"": ""B"", ""text"": ""新鮮なものを買う""}, {""id"": ""C"", ""text"": ""食品廃棄を減らす""}, {""id"": ""D"", ""text"": ""店を助ける""}]";C;「食品ロスを減らすため」と述べています。;;1;;10;2026-02-06 13:18:29.552954+00
pqq-n3-voc-1;pqs-n3-vocabulary;multiple_choice;「状況を＿＿＿する」把握の意味は？;;;"[{""id"": ""A"", ""text"": ""把握""}, {""id"": ""B"", ""text"": ""理解""}, {""id"": ""C"", ""text"": ""認識""}, {""id"": ""D"", ""text"": ""確認""}]";A;「把握する」は grasp という意味です。;;1;;1;2026-02-06 13:18:29.552954+00
pqq-n3-voc-2;pqs-n3-vocabulary;multiple_choice;「問題の＿＿＿を探る」原因の意味は？;;;"[{""id"": ""A"", ""text"": ""原因""}, {""id"": ""B"", ""text"": ""結果""}, {""id"": ""C"", ""text"": ""理由""}, {""id"": ""D"", ""text"": ""目的""}]";A;「原因を探る」は investigate the cause です。;;1;;2;2026-02-06 13:18:29.552954+00
pqq-n3-voc-3;pqs-n3-vocabulary;multiple_choice;「意見が＿＿＿する」対立の意味は？;;;"[{""id"": ""A"", ""text"": ""対立""}, {""id"": ""B"", ""text"": ""対応""}, {""id"": ""C"", ""text"": ""対比""}, {""id"": ""D"", ""text"": ""対策""}]";A;「対立する」は conflict という意味です。;;1;;3;2026-02-06 13:18:29.552954+00
pqq-n3-voc-4;pqs-n3-vocabulary;multiple_choice;「責任を＿＿＿」果たすの意味は？;;;"[{""id"": ""A"", ""text"": ""果たす""}, {""id"": ""B"", ""text"": ""果てる""}, {""id"": ""C"", ""text"": ""果たせる""}, {""id"": ""D"", ""text"": ""果つ""}]";A;「責任を果たす」は fulfill responsibility です。;;1;;4;2026-02-06 13:18:29.552954+00
pqq-n3-voc-5;pqs-n3-vocabulary;multiple_choice;「環境に＿＿＿する」適応の意味は？;;;"[{""id"": ""A"", ""text"": ""適応""}, {""id"": ""B"", ""text"": ""対応""}, {""id"": ""C"", ""text"": ""反応""}, {""id"": ""D"", ""text"": ""順応""}]";A;「適応する」は adapt という意味です。;;1;;5;2026-02-06 13:18:29.552954+00
pqq-n3-voc-6;pqs-n3-vocabulary;multiple_choice;「許可を＿＿＿」得るの意味は？;;;"[{""id"": ""A"", ""text"": ""得る""}, {""id"": ""B"", ""text"": ""獲る""}, {""id"": ""C"", ""text"": ""取る""}, {""id"": ""D"", ""text"": ""受ける""}]";A;「許可を得る」は obtain permission です。;;1;;6;2026-02-06 13:18:29.552954+00
pqq-n3-voc-7;pqs-n3-vocabulary;multiple_choice;「情報を＿＿＿する」収集の意味は？;;;"[{""id"": ""A"", ""text"": ""収集""}, {""id"": ""B"", ""text"": ""収入""}, {""id"": ""C"", ""text"": ""収容""}, {""id"": ""D"", ""text"": ""収穫""}]";A;「収集する」は collect という意味です。;;1;;7;2026-02-06 13:18:29.552954+00
pqq-n3-voc-8;pqs-n3-vocabulary;multiple_choice;「努力を＿＿＿」重ねるの意味は？;;;"[{""id"": ""A"", ""text"": ""重ねる""}, {""id"": ""B"", ""text"": ""重なる""}, {""id"": ""C"", ""text"": ""重ぶ""}, {""id"": ""D"", ""text"": ""重める""}]";A;「努力を重ねる」は make continued efforts です。;;1;;8;2026-02-06 13:18:29.552954+00
pqq-n3-voc-9;pqs-n3-vocabulary;multiple_choice;「可能性が＿＿＿」高いの対義語は？;;;"[{""id"": ""A"", ""text"": ""低い""}, {""id"": ""B"", ""text"": ""小さい""}, {""id"": ""C"", ""text"": ""少ない""}, {""id"": ""D"", ""text"": ""弱い""}]";A;「高い」の対義語は「低い」です。;;1;;9;2026-02-06 13:18:29.552954+00
pqq-n3-voc-10;pqs-n3-vocabulary;multiple_choice;「事態が＿＿＿する」悪化の意味は？;;;"[{""id"": ""A"", ""text"": ""悪化""}, {""id"": ""B"", ""text"": ""変化""}, {""id"": ""C"", ""text"": ""強化""}, {""id"": ""D"", ""text"": ""深化""}]";A;「悪化する」は worsen という意味です。;;1;;10;2026-02-06 13:18:29.552954+00
pqq-n4-cau-1;pqs-n4-causative;multiple_choice;「食べる」の使役形は？;;;"[{""id"": ""A"", ""text"": ""食べさせる""}, {""id"": ""B"", ""text"": ""食べられる""}, {""id"": ""C"", ""text"": ""食べれる""}, {""id"": ""D"", ""text"": ""食べさせられる""}]";A;一段動詞の使役形は「させる」をつけます。;;1;;1;2026-02-06 13:16:27.051529+00
pqq-n4-cau-2;pqs-n4-causative;multiple_choice;「書く」の使役形は？;;;"[{""id"": ""A"", ""text"": ""書かせる""}, {""id"": ""B"", ""text"": ""書かれる""}, {""id"": ""C"", ""text"": ""書ける""}, {""id"": ""D"", ""text"": ""書きさせる""}]";A;五段動詞の使役形は「あ段＋せる」になります。;;1;;2;2026-02-06 13:16:27.051529+00
pqq-n4-cau-3;pqs-n4-causative;multiple_choice;「母は私に野菜を＿＿＿」;;;"[{""id"": ""A"", ""text"": ""食べさせました""}, {""id"": ""B"", ""text"": ""食べられました""}, {""id"": ""C"", ""text"": ""食べました""}, {""id"": ""D"", ""text"": ""食べてもらいました""}]";A;使役形「〜させる」を使います。;;1;;3;2026-02-06 13:16:27.051529+00
pqq-n4-cau-4;pqs-n4-causative;multiple_choice;「する」の使役形は？;;;"[{""id"": ""A"", ""text"": ""させる""}, {""id"": ""B"", ""text"": ""される""}, {""id"": ""C"", ""text"": ""できる""}, {""id"": ""D"", ""text"": ""しさせる""}]";A;「する」の使役形は「させる」です。;;1;;4;2026-02-06 13:16:27.051529+00
pqq-n4-cau-5;pqs-n4-causative;multiple_choice;「来る」の使役形は？;;;"[{""id"": ""A"", ""text"": ""来させる""}, {""id"": ""B"", ""text"": ""来られる""}, {""id"": ""C"", ""text"": ""来れる""}, {""id"": ""D"", ""text"": ""来えさせる""}]";A;「来る」の使役形は「来させる」です。;;1;;5;2026-02-06 13:16:27.051529+00
pqq-n4-cau-6;pqs-n4-causative;multiple_choice;「読む」の使役形は？;;;"[{""id"": ""A"", ""text"": ""読ませる""}, {""id"": ""B"", ""text"": ""読まれる""}, {""id"": ""C"", ""text"": ""読める""}, {""id"": ""D"", ""text"": ""読みさせる""}]";A;五段動詞の使役形は「あ段＋せる」になります。;;1;;6;2026-02-06 13:16:27.051529+00
pqq-n4-cau-7;pqs-n4-causative;multiple_choice;「先生は学生を＿＿＿」;;;"[{""id"": ""A"", ""text"": ""立たせました""}, {""id"": ""B"", ""text"": ""立たれました""}, {""id"": ""C"", ""text"": ""立ちました""}, {""id"": ""D"", ""text"": ""立ってもらいました""}]";A;使役形「〜させる」を使います。;;1;;7;2026-02-06 13:16:27.051529+00
pqq-n4-cau-8;pqs-n4-causative;multiple_choice;「行く」の使役形は？;;;"[{""id"": ""A"", ""text"": ""行かせる""}, {""id"": ""B"", ""text"": ""行かれる""}, {""id"": ""C"", ""text"": ""行ける""}, {""id"": ""D"", ""text"": ""行きさせる""}]";A;五段動詞の使役形は「あ段＋せる」になります。;;1;;8;2026-02-06 13:16:27.051529+00
pqq-n4-cau-9;pqs-n4-causative;multiple_choice;「親は子供を早く＿＿＿」;;;"[{""id"": ""A"", ""text"": ""寝させます""}, {""id"": ""B"", ""text"": ""寝られます""}, {""id"": ""C"", ""text"": ""寝ます""}, {""id"": ""D"", ""text"": ""寝てもらいます""}]";A;使役形「〜させる」を使います。;;1;;9;2026-02-06 13:16:27.051529+00
pqq-n4-cau-10;pqs-n4-causative;multiple_choice;「泳ぐ」の使役形は？;;;"[{""id"": ""A"", ""text"": ""泳がせる""}, {""id"": ""B"", ""text"": ""泳がれる""}, {""id"": ""C"", ""text"": ""泳げる""}, {""id"": ""D"", ""text"": ""泳ぎさせる""}]";A;五段動詞の使役形は「あ段＋せる」になります。;;1;;10;2026-02-06 13:16:27.051529+00
pqq-n4-con-1;pqs-n4-conditionals;multiple_choice;「雨が降＿＿＿、試合は中止です」;;;"[{""id"": ""A"", ""text"": ""れば""}, {""id"": ""B"", ""text"": ""ると""}, {""id"": ""C"", ""text"": ""ったら""}, {""id"": ""D"", ""text"": ""るなら""}]";A;「〜ば」は仮定条件を表します。;;1;;1;2026-02-06 13:16:49.027387+00
pqq-n4-con-2;pqs-n4-conditionals;multiple_choice;「薬を飲ん＿＿＿、熱が下がった」;;;"[{""id"": ""A"", ""text"": ""だら""}, {""id"": ""B"", ""text"": ""だば""}, {""id"": ""C"", ""text"": ""だと""}, {""id"": ""D"", ""text"": ""だなら""}]";A;「〜たら」は条件と結果を表します。;;1;;2;2026-02-06 13:16:49.027387+00
pqq-n4-con-3;pqs-n4-conditionals;multiple_choice;「春になる＿＿＿、桜が咲く」;;;"[{""id"": ""A"", ""text"": ""と""}, {""id"": ""B"", ""text"": ""ば""}, {""id"": ""C"", ""text"": ""たら""}, {""id"": ""D"", ""text"": ""なら""}]";A;「〜と」は自然な結果を表します。;;1;;3;2026-02-06 13:16:49.027387+00
pqq-n4-con-4;pqs-n4-conditionals;multiple_choice;「日本に行く＿＿＿、富士山を見たい」;;;"[{""id"": ""A"", ""text"": ""なら""}, {""id"": ""B"", ""text"": ""と""}, {""id"": ""C"", ""text"": ""ば""}, {""id"": ""D"", ""text"": ""たら""}]";A;「〜なら」は相手の話を受けて使います。;;1;;4;2026-02-06 13:16:49.027387+00
pqq-n4-con-5;pqs-n4-conditionals;multiple_choice;「安け＿＿＿買います」;;;"[{""id"": ""A"", ""text"": ""れば""}, {""id"": ""B"", ""text"": ""ると""}, {""id"": ""C"", ""text"": ""ったら""}, {""id"": ""D"", ""text"": ""るなら""}]";A;い形容詞の「ば形」は「い→ければ」です。;;1;;5;2026-02-06 13:16:49.027387+00
pqq-n4-con-6;pqs-n4-conditionals;multiple_choice;「静かだっ＿＿＿勉強できる」;;;"[{""id"": ""A"", ""text"": ""たら""}, {""id"": ""B"", ""text"": ""とば""}, {""id"": ""C"", ""text"": ""とと""}, {""id"": ""D"", ""text"": ""なば""}]";A;な形容詞の「たら形」は「だったら」です。;;1;;6;2026-02-06 13:16:49.027387+00
pqq-n4-con-7;pqs-n4-conditionals;multiple_choice;「ボタンを押す＿＿＿、ドアが開く」;;;"[{""id"": ""A"", ""text"": ""と""}, {""id"": ""B"", ""text"": ""ば""}, {""id"": ""C"", ""text"": ""たら""}, {""id"": ""D"", ""text"": ""なら""}]";A;機械の操作には「〜と」を使います。;;1;;7;2026-02-06 13:16:49.027387+00
pqq-n4-con-8;pqs-n4-conditionals;multiple_choice;「時間があ＿＿＿、行きたい」;;;"[{""id"": ""A"", ""text"": ""れば""}, {""id"": ""B"", ""text"": ""ると""}, {""id"": ""C"", ""text"": ""ったら""}, {""id"": ""D"", ""text"": ""るなら""}]";A;「あれば」は「ある」の仮定形です。;;1;;8;2026-02-06 13:16:49.027387+00
pqq-n4-con-9;pqs-n4-conditionals;multiple_choice;「駅に着い＿＿＿、電話してください」;;;"[{""id"": ""A"", ""text"": ""たら""}, {""id"": ""B"", ""text"": ""たば""}, {""id"": ""C"", ""text"": ""ると""}, {""id"": ""D"", ""text"": ""るなら""}]";A;依頼の前提条件には「〜たら」を使います。;;1;;9;2026-02-06 13:16:49.027387+00
pqq-n4-con-10;pqs-n4-conditionals;multiple_choice;「来週暇＿＿＿、会いましょう」;;;"[{""id"": ""A"", ""text"": ""なら""}, {""id"": ""B"", ""text"": ""だと""}, {""id"": ""C"", ""text"": ""だば""}, {""id"": ""D"", ""text"": ""だったら""}]";A;相手の状況を確認して「〜なら」を使います。;;1;;10;2026-02-06 13:16:49.027387+00
pqq-n4-kei-1;pqs-n4-keigo-basic;multiple_choice;「いる」の尊敬語は？;;;"[{""id"": ""A"", ""text"": ""いらっしゃる""}, {""id"": ""B"", ""text"": ""おる""}, {""id"": ""C"", ""text"": ""いる""}, {""id"": ""D"", ""text"": ""おられる""}]";A;「いらっしゃる」は「いる」の尊敬語です。;;1;;1;2026-02-06 13:16:49.027387+00
pqq-n4-kei-2;pqs-n4-keigo-basic;multiple_choice;「行く」の謙譲語は？;;;"[{""id"": ""A"", ""text"": ""参る""}, {""id"": ""B"", ""text"": ""いらっしゃる""}, {""id"": ""C"", ""text"": ""行かれる""}, {""id"": ""D"", ""text"": ""おいでになる""}]";A;「参る」は「行く/来る」の謙譲語です。;;1;;2;2026-02-06 13:16:49.027387+00
pqq-n4-kei-3;pqs-n4-keigo-basic;multiple_choice;「食べる」の尊敬語は？;;;"[{""id"": ""A"", ""text"": ""召し上がる""}, {""id"": ""B"", ""text"": ""いただく""}, {""id"": ""C"", ""text"": ""食べられる""}, {""id"": ""D"", ""text"": ""お食べになる""}]";A;「召し上がる」は「食べる/飲む」の尊敬語です。;;1;;3;2026-02-06 13:16:49.027387+00
pqq-n4-kei-4;pqs-n4-keigo-basic;multiple_choice;「食べる」の謙譲語は？;;;"[{""id"": ""A"", ""text"": ""いただく""}, {""id"": ""B"", ""text"": ""召し上がる""}, {""id"": ""C"", ""text"": ""食べられる""}, {""id"": ""D"", ""text"": ""お食べする""}]";A;「いただく」は「食べる/もらう」の謙譲語です。;;1;;4;2026-02-06 13:16:49.027387+00
pqq-n4-kei-5;pqs-n4-keigo-basic;multiple_choice;「言う」の謙譲語は？;;;"[{""id"": ""A"", ""text"": ""申す""}, {""id"": ""B"", ""text"": ""おっしゃる""}, {""id"": ""C"", ""text"": ""言われる""}, {""id"": ""D"", ""text"": ""お言いする""}]";A;「申す」は「言う」の謙譲語です。;;1;;5;2026-02-06 13:16:49.027387+00
pqq-n4-kei-6;pqs-n4-keigo-basic;multiple_choice;「言う」の尊敬語は？;;;"[{""id"": ""A"", ""text"": ""おっしゃる""}, {""id"": ""B"", ""text"": ""申す""}, {""id"": ""C"", ""text"": ""言われる""}, {""id"": ""D"", ""text"": ""お言いになる""}]";A;「おっしゃる」は「言う」の尊敬語です。;;1;;6;2026-02-06 13:16:49.027387+00
pqq-n4-kei-7;pqs-n4-keigo-basic;multiple_choice;「見る」の尊敬語は？;;;"[{""id"": ""A"", ""text"": ""ご覧になる""}, {""id"": ""B"", ""text"": ""拝見する""}, {""id"": ""C"", ""text"": ""見られる""}, {""id"": ""D"", ""text"": ""お見になる""}]";A;「ご覧になる」は「見る」の尊敬語です。;;1;;7;2026-02-06 13:16:49.027387+00
pqq-n4-kei-8;pqs-n4-keigo-basic;multiple_choice;「見る」の謙譲語は？;;;"[{""id"": ""A"", ""text"": ""拝見する""}, {""id"": ""B"", ""text"": ""ご覧になる""}, {""id"": ""C"", ""text"": ""見られる""}, {""id"": ""D"", ""text"": ""お見する""}]";A;「拝見する」は「見る」の謙譲語です。;;1;;8;2026-02-06 13:16:49.027387+00
pqq-n4-kei-9;pqs-n4-keigo-basic;multiple_choice;「知る」の謙譲語は？;;;"[{""id"": ""A"", ""text"": ""存じる""}, {""id"": ""B"", ""text"": ""ご存知""}, {""id"": ""C"", ""text"": ""知られる""}, {""id"": ""D"", ""text"": ""お知りする""}]";A;「存じる」は「知る/思う」の謙譲語です。;;1;;9;2026-02-06 13:16:49.027387+00
pqq-n4-kei-10;pqs-n4-keigo-basic;multiple_choice;「する」の謙譲語は？;;;"[{""id"": ""A"", ""text"": ""いたす""}, {""id"": ""B"", ""text"": ""なさる""}, {""id"": ""C"", ""text"": ""される""}, {""id"": ""D"", ""text"": ""おする""}]";A;「いたす」は「する」の謙譲語です。;;1;;10;2026-02-06 13:16:49.027387+00
pqq-n4-pas-1;pqs-n4-passive;multiple_choice;「食べる」の受身形は？;;;"[{""id"": ""A"", ""text"": ""食べられる""}, {""id"": ""B"", ""text"": ""食べさせる""}, {""id"": ""C"", ""text"": ""食べれる""}, {""id"": ""D"", ""text"": ""食べさせられる""}]";A;一段動詞の受身形は「られる」をつけます。;;1;;1;2026-02-06 13:16:27.051529+00
pqq-n4-pas-2;pqs-n4-passive;multiple_choice;「書く」の受身形は？;;;"[{""id"": ""A"", ""text"": ""書かれる""}, {""id"": ""B"", ""text"": ""書ける""}, {""id"": ""C"", ""text"": ""書かせる""}, {""id"": ""D"", ""text"": ""書きられる""}]";A;五段動詞の受身形は「あ段＋れる」になります。;;1;;2;2026-02-06 13:16:27.051529+00
pqq-n4-pas-3;pqs-n4-passive;multiple_choice;「先生に＿＿＿」受身の文は？;;;"[{""id"": ""A"", ""text"": ""褒められました""}, {""id"": ""B"", ""text"": ""褒めました""}, {""id"": ""C"", ""text"": ""褒めさせました""}, {""id"": ""D"", ""text"": ""褒めてもらいました""}]";A;受身形「〜られる」を使います。;;1;;3;2026-02-06 13:16:27.051529+00
pqq-n4-pas-4;pqs-n4-passive;multiple_choice;「電車で足を＿＿＿」迷惑の受身は？;;;"[{""id"": ""A"", ""text"": ""踏まれました""}, {""id"": ""B"", ""text"": ""踏みました""}, {""id"": ""C"", ""text"": ""踏ませました""}, {""id"": ""D"", ""text"": ""踏んでもらいました""}]";A;迷惑の受身は自分が被害を受けたことを表します。;;1;;4;2026-02-06 13:16:27.051529+00
pqq-n4-pas-5;pqs-n4-passive;multiple_choice;「する」の受身形は？;;;"[{""id"": ""A"", ""text"": ""される""}, {""id"": ""B"", ""text"": ""させる""}, {""id"": ""C"", ""text"": ""できる""}, {""id"": ""D"", ""text"": ""しられる""}]";A;「する」の受身形は「される」です。;;1;;5;2026-02-06 13:16:27.051529+00
pqq-n4-pas-6;pqs-n4-passive;multiple_choice;「読む」の受身形は？;;;"[{""id"": ""A"", ""text"": ""読まれる""}, {""id"": ""B"", ""text"": ""読める""}, {""id"": ""C"", ""text"": ""読ませる""}, {""id"": ""D"", ""text"": ""読みられる""}]";A;五段動詞の受身形は「あ段＋れる」になります。;;1;;6;2026-02-06 13:16:27.051529+00
pqq-n4-pas-7;pqs-n4-passive;multiple_choice;「雨に＿＿＿」自然現象の受身は？;;;"[{""id"": ""A"", ""text"": ""降られました""}, {""id"": ""B"", ""text"": ""降りました""}, {""id"": ""C"", ""text"": ""降らせました""}, {""id"": ""D"", ""text"": ""降ってもらいました""}]";A;自然現象でも迷惑を受けたことを受身で表せます。;;1;;7;2026-02-06 13:16:27.051529+00
pqq-n4-pas-8;pqs-n4-passive;multiple_choice;「来る」の受身形は？;;;"[{""id"": ""A"", ""text"": ""来られる""}, {""id"": ""B"", ""text"": ""来させる""}, {""id"": ""C"", ""text"": ""来れる""}, {""id"": ""D"", ""text"": ""来える""}]";A;「来る」の受身形は「来られる」です。;;1;;8;2026-02-06 13:16:27.051529+00
pqq-n4-pas-9;pqs-n4-passive;multiple_choice;「この本は多くの人に＿＿＿」;;;"[{""id"": ""A"", ""text"": ""読まれています""}, {""id"": ""B"", ""text"": ""読んでいます""}, {""id"": ""C"", ""text"": ""読ませています""}, {""id"": ""D"", ""text"": ""読めています""}]";A;「〜に読まれる」は受身形です。;;1;;9;2026-02-06 13:16:27.051529+00
pqq-n4-pas-10;pqs-n4-passive;multiple_choice;「泣く」の受身形は？;;;"[{""id"": ""A"", ""text"": ""泣かれる""}, {""id"": ""B"", ""text"": ""泣ける""}, {""id"": ""C"", ""text"": ""泣かせる""}, {""id"": ""D"", ""text"": ""泣きられる""}]";A;五段動詞の受身形は「あ段＋れる」になります。;;1;;10;2026-02-06 13:16:27.051529+00
pqq-n4-pot-1;pqs-n4-potential;multiple_choice;「食べる」の可能形は？;;;"[{""id"": ""A"", ""text"": ""食べられる""}, {""id"": ""B"", ""text"": ""食べれる""}, {""id"": ""C"", ""text"": ""食べさせる""}, {""id"": ""D"", ""text"": ""食べさせられる""}]";A;「食べる」は一段動詞なので「られる」をつけます。;;1;;1;2026-02-06 13:16:07.782088+00
pqq-n4-pot-2;pqs-n4-potential;multiple_choice;「書く」の可能形は？;;;"[{""id"": ""A"", ""text"": ""書ける""}, {""id"": ""B"", ""text"": ""書かれる""}, {""id"": ""C"", ""text"": ""書かせる""}, {""id"": ""D"", ""text"": ""書きられる""}]";A;「書く」は五段動詞なので「く→ける」になります。;;1;;2;2026-02-06 13:16:07.782088+00
pqq-n4-pot-3;pqs-n4-potential;multiple_choice;「泳ぐ」の可能形は？;;;"[{""id"": ""A"", ""text"": ""泳げる""}, {""id"": ""B"", ""text"": ""泳がれる""}, {""id"": ""C"", ""text"": ""泳ぎられる""}, {""id"": ""D"", ""text"": ""泳がせる""}]";A;「泳ぐ」は五段動詞なので「ぐ→げる」になります。;;1;;3;2026-02-06 13:16:07.782088+00
pqq-n4-pot-4;pqs-n4-potential;multiple_choice;「見る」の可能形は？;;;"[{""id"": ""A"", ""text"": ""見られる""}, {""id"": ""B"", ""text"": ""見れる""}, {""id"": ""C"", ""text"": ""見える""}, {""id"": ""D"", ""text"": ""見させる""}]";A;「見る」は一段動詞なので「られる」をつけます。;;1;;4;2026-02-06 13:16:07.782088+00
pqq-n4-pot-5;pqs-n4-potential;multiple_choice;「話す」の可能形は？;;;"[{""id"": ""A"", ""text"": ""話せる""}, {""id"": ""B"", ""text"": ""話される""}, {""id"": ""C"", ""text"": ""話させる""}, {""id"": ""D"", ""text"": ""話しられる""}]";A;「話す」は五段動詞なので「す→せる」になります。;;1;;5;2026-02-06 13:16:07.782088+00
pqq-n4-pot-6;pqs-n4-potential;multiple_choice;「来る」の可能形は？;;;"[{""id"": ""A"", ""text"": ""来られる""}, {""id"": ""B"", ""text"": ""来れる""}, {""id"": ""C"", ""text"": ""来させる""}, {""id"": ""D"", ""text"": ""来える""}]";A;「来る」は不規則動詞で「来られる」になります。;;1;;6;2026-02-06 13:16:07.782088+00
pqq-n4-pot-7;pqs-n4-potential;multiple_choice;「する」の可能形は？;;;"[{""id"": ""A"", ""text"": ""できる""}, {""id"": ""B"", ""text"": ""される""}, {""id"": ""C"", ""text"": ""させる""}, {""id"": ""D"", ""text"": ""しられる""}]";A;「する」の可能形は「できる」です。;;1;;7;2026-02-06 13:16:07.782088+00
pqq-n4-pot-8;pqs-n4-potential;multiple_choice;「日本語が＿＿＿ようになりました」;;;"[{""id"": ""A"", ""text"": ""話せる""}, {""id"": ""B"", ""text"": ""話す""}, {""id"": ""C"", ""text"": ""話される""}, {""id"": ""D"", ""text"": ""話させる""}]";A;「〜ようになる」の前は辞書形または可能形です。;;1;;8;2026-02-06 13:16:07.782088+00
pqq-n4-pot-9;pqs-n4-potential;multiple_choice;「この漢字は私には＿＿＿」;;;"[{""id"": ""A"", ""text"": ""読めません""}, {""id"": ""B"", ""text"": ""読みません""}, {""id"": ""C"", ""text"": ""読まれません""}, {""id"": ""D"", ""text"": ""読ませません""}]";A;能力を表すときは可能形を使います。;;1;;9;2026-02-06 13:16:07.782088+00
pqq-n4-pot-10;pqs-n4-potential;multiple_choice;「買う」の可能形は？;;;"[{""id"": ""A"", ""text"": ""買える""}, {""id"": ""B"", ""text"": ""買われる""}, {""id"": ""C"", ""text"": ""買わせる""}, {""id"": ""D"", ""text"": ""買いられる""}]";A;「買う」は五段動詞なので「う→える」になります。;;1;;10;2026-02-06 13:16:07.782088+00
pqq-n4-te-1;pqs-n4-teform;multiple_choice;「今、本を読ん＿＿＿」進行中を表すのは？;;;"[{""id"": ""A"", ""text"": ""でいます""}, {""id"": ""B"", ""text"": ""でおきます""}, {""id"": ""C"", ""text"": ""であります""}, {""id"": ""D"", ""text"": ""でしまいます""}]";A;「〜ている」は進行中を表します。;;1;;1;2026-02-06 13:17:11.083946+00
pqq-n4-te-2;pqs-n4-teform;multiple_choice;「窓が開い＿＿＿」状態を表すのは？;;;"[{""id"": ""A"", ""text"": ""てあります""}, {""id"": ""B"", ""text"": ""ています""}, {""id"": ""C"", ""text"": ""ておきます""}, {""id"": ""D"", ""text"": ""てしまいます""}]";A;「〜てある」は意図的な結果の状態を表します。;;1;;2;2026-02-06 13:17:11.083946+00
pqq-n4-te-3;pqs-n4-teform;multiple_choice;「明日のために資料を準備し＿＿＿」;;;"[{""id"": ""A"", ""text"": ""ておきます""}, {""id"": ""B"", ""text"": ""てあります""}, {""id"": ""C"", ""text"": ""ています""}, {""id"": ""D"", ""text"": ""てしまいます""}]";A;「〜ておく」は準備を表します。;;1;;3;2026-02-06 13:17:11.083946+00
pqq-n4-te-4;pqs-n4-teform;multiple_choice;「ケーキを全部食べ＿＿＿」後悔を表すのは？;;;"[{""id"": ""A"", ""text"": ""てしまいました""}, {""id"": ""B"", ""text"": ""ておきました""}, {""id"": ""C"", ""text"": ""てあります""}, {""id"": ""D"", ""text"": ""ています""}]";A;「〜てしまう」は後悔や完了を表します。;;1;;4;2026-02-06 13:17:11.083946+00
pqq-n4-te-5;pqs-n4-teform;multiple_choice;「電気がつい＿＿＿」誰かがつけた状態は？;;;"[{""id"": ""A"", ""text"": ""てあります""}, {""id"": ""B"", ""text"": ""ています""}, {""id"": ""C"", ""text"": ""ておきます""}, {""id"": ""D"", ""text"": ""てしまいます""}]";A;「〜てある」は他動詞の結果状態を表します。;;1;;5;2026-02-06 13:17:11.083946+00
pqq-n4-te-6;pqs-n4-teform;multiple_choice;「彼女は東京に住ん＿＿＿」;;;"[{""id"": ""A"", ""text"": ""でいます""}, {""id"": ""B"", ""text"": ""であります""}, {""id"": ""C"", ""text"": ""でおきます""}, {""id"": ""D"", ""text"": ""でしまいます""}]";A;「〜ている」は状態の継続を表します。;;1;;6;2026-02-06 13:17:11.083946+00
pqq-n4-te-7;pqs-n4-teform;multiple_choice;「傘を持っ＿＿＿ばよかった」;;;"[{""id"": ""A"", ""text"": ""てくれ""}, {""id"": ""B"", ""text"": ""てお""}, {""id"": ""C"", ""text"": ""てあ""}, {""id"": ""D"", ""text"": ""てしまえ""}]";A;「〜ておけばよかった」は後悔を表します。;;1;;7;2026-02-06 13:17:11.083946+00
pqq-n4-te-8;pqs-n4-teform;multiple_choice;「財布を忘れ＿＿＿」うっかりを表すのは？;;;"[{""id"": ""A"", ""text"": ""てしまいました""}, {""id"": ""B"", ""text"": ""ておきました""}, {""id"": ""C"", ""text"": ""てあります""}, {""id"": ""D"", ""text"": ""ています""}]";A;「〜てしまう」はうっかりした行為を表します。;;1;;8;2026-02-06 13:17:11.083946+00
pqq-n4-te-9;pqs-n4-teform;multiple_choice;「レストランを予約し＿＿＿」事前準備は？;;;"[{""id"": ""A"", ""text"": ""ておきました""}, {""id"": ""B"", ""text"": ""てあります""}, {""id"": ""C"", ""text"": ""ています""}, {""id"": ""D"", ""text"": ""てしまいました""}]";A;「〜ておく」は事前準備を表します。;;1;;9;2026-02-06 13:17:11.083946+00
pqq-n4-te-10;pqs-n4-teform;multiple_choice;「彼は結婚し＿＿＿」状態は？;;;"[{""id"": ""A"", ""text"": ""ています""}, {""id"": ""B"", ""text"": ""てあります""}, {""id"": ""C"", ""text"": ""ておきます""}, {""id"": ""D"", ""text"": ""てしまいます""}]";A;「〜ている」は結果の状態を表します。;;1;;10;2026-02-06 13:17:11.083946+00
pqq-n4-voc-1;pqs-n4-vocabulary;multiple_choice;「会議に＿＿＿する」参加の意味は？;;;"[{""id"": ""A"", ""text"": ""出席""}, {""id"": ""B"", ""text"": ""出発""}, {""id"": ""C"", ""text"": ""出口""}, {""id"": ""D"", ""text"": ""出身""}]";A;「出席する」は attend という意味です。;;1;;1;2026-02-06 13:17:11.083946+00
pqq-n4-voc-2;pqs-n4-vocabulary;multiple_choice;「＿＿＿を守る」約束の意味は？;;;"[{""id"": ""A"", ""text"": ""約束""}, {""id"": ""B"", ""text"": ""予約""}, {""id"": ""C"", ""text"": ""予定""}, {""id"": ""D"", ""text"": ""予想""}]";A;「約束を守る」は keep a promise です。;;1;;2;2026-02-06 13:17:11.083946+00
pqq-n4-voc-3;pqs-n4-vocabulary;multiple_choice;「試験に＿＿＿する」合格の意味は？;;;"[{""id"": ""A"", ""text"": ""合格""}, {""id"": ""B"", ""text"": ""合計""}, {""id"": ""C"", ""text"": ""合同""}, {""id"": ""D"", ""text"": ""合意""}]";A;「合格する」は pass (an exam) です。;;1;;3;2026-02-06 13:17:11.083946+00
pqq-n4-voc-4;pqs-n4-vocabulary;multiple_choice;「＿＿＿が足りない」経験の意味は？;;;"[{""id"": ""A"", ""text"": ""経験""}, {""id"": ""B"", ""text"": ""経済""}, {""id"": ""C"", ""text"": ""経過""}, {""id"": ""D"", ""text"": ""経由""}]";A;「経験が足りない」は lack experience です。;;1;;4;2026-02-06 13:17:11.083946+00
pqq-n4-voc-5;pqs-n4-vocabulary;multiple_choice;「目標を＿＿＿」達成の意味は？;;;"[{""id"": ""A"", ""text"": ""達成""}, {""id"": ""B"", ""text"": ""達者""}, {""id"": ""C"", ""text"": ""到達""}, {""id"": ""D"", ""text"": ""発達""}]";A;「目標を達成する」は achieve a goal です。;;1;;5;2026-02-06 13:17:11.083946+00
pqq-n4-voc-6;pqs-n4-vocabulary;multiple_choice;「＿＿＿に注意する」健康の意味は？;;;"[{""id"": ""A"", ""text"": ""健康""}, {""id"": ""B"", ""text"": ""元気""}, {""id"": ""C"", ""text"": ""丈夫""}, {""id"": ""D"", ""text"": ""病気""}]";A;「健康に注意する」は pay attention to health です。;;1;;6;2026-02-06 13:17:11.083946+00
pqq-n4-voc-7;pqs-n4-vocabulary;multiple_choice;「休暇を＿＿＿」取るの意味は？;;;"[{""id"": ""A"", ""text"": ""取る""}, {""id"": ""B"", ""text"": ""撮る""}, {""id"": ""C"", ""text"": ""採る""}, {""id"": ""D"", ""text"": ""獲る""}]";A;「休暇を取る」は take a vacation です。;;1;;7;2026-02-06 13:17:11.083946+00
pqq-n4-voc-8;pqs-n4-vocabulary;multiple_choice;「＿＿＿が高い」技術の意味は？;;;"[{""id"": ""A"", ""text"": ""技術""}, {""id"": ""B"", ""text"": ""技能""}, {""id"": ""C"", ""text"": ""芸術""}, {""id"": ""D"", ""text"": ""美術""}]";A;「技術が高い」は have high skills です。;;1;;8;2026-02-06 13:17:11.083946+00
pqq-n4-voc-9;pqs-n4-vocabulary;multiple_choice;「＿＿＿を伸ばす」能力の意味は？;;;"[{""id"": ""A"", ""text"": ""能力""}, {""id"": ""B"", ""text"": ""能率""}, {""id"": ""C"", ""text"": ""可能""}, {""id"": ""D"", ""text"": ""機能""}]";A;「能力を伸ばす」は develop abilities です。;;1;;9;2026-02-06 13:17:11.083946+00
pqq-n4-voc-10;pqs-n4-vocabulary;multiple_choice;「問題を＿＿＿する」解決の意味は？;;;"[{""id"": ""A"", ""text"": ""解決""}, {""id"": ""B"", ""text"": ""解釈""}, {""id"": ""C"", ""text"": ""解放""}, {""id"": ""D"", ""text"": ""解消""}]";A;「問題を解決する」は solve a problem です。;;1;;10;2026-02-06 13:17:11.083946+00
pqq-n4-vol-1;pqs-n4-volitional;multiple_choice;「行く」の意向形は？;;;"[{""id"": ""A"", ""text"": ""行こう""}, {""id"": ""B"", ""text"": ""行くう""}, {""id"": ""C"", ""text"": ""行きよう""}, {""id"": ""D"", ""text"": ""行けよう""}]";A;「行く」は五段動詞なので「く→こう」になります。;;1;;1;2026-02-06 13:16:07.782088+00
pqq-n4-vol-2;pqs-n4-volitional;multiple_choice;「食べる」の意向形は？;;;"[{""id"": ""A"", ""text"": ""食べよう""}, {""id"": ""B"", ""text"": ""食べろう""}, {""id"": ""C"", ""text"": ""食べおう""}, {""id"": ""D"", ""text"": ""食べうう""}]";A;「食べる」は一段動詞なので「る→よう」になります。;;1;;2;2026-02-06 13:16:07.782088+00
pqq-n4-vol-3;pqs-n4-volitional;multiple_choice;「する」の意向形は？;;;"[{""id"": ""A"", ""text"": ""しよう""}, {""id"": ""B"", ""text"": ""すろう""}, {""id"": ""C"", ""text"": ""さよう""}, {""id"": ""D"", ""text"": ""せよう""}]";A;「する」は不規則動詞で「しよう」になります。;;1;;3;2026-02-06 13:16:07.782088+00
pqq-n4-vol-4;pqs-n4-volitional;multiple_choice;「来る」の意向形は？;;;"[{""id"": ""A"", ""text"": ""来よう""}, {""id"": ""B"", ""text"": ""来ろう""}, {""id"": ""C"", ""text"": ""来うう""}, {""id"": ""D"", ""text"": ""来えよう""}]";A;「来る」は不規則動詞で「来よう（こよう）」になります。;;1;;4;2026-02-06 13:16:07.782088+00
pqq-n4-vol-5;pqs-n4-volitional;multiple_choice;「一緒に映画を＿＿＿」誘うときの表現は？;;;"[{""id"": ""A"", ""text"": ""見よう""}, {""id"": ""B"", ""text"": ""見る""}, {""id"": ""C"", ""text"": ""見て""}, {""id"": ""D"", ""text"": ""見ます""}]";A;誘うときは意向形を使います。;;1;;5;2026-02-06 13:16:07.782088+00
pqq-n4-vol-6;pqs-n4-volitional;multiple_choice;「読む」の意向形は？;;;"[{""id"": ""A"", ""text"": ""読もう""}, {""id"": ""B"", ""text"": ""読むう""}, {""id"": ""C"", ""text"": ""読みよう""}, {""id"": ""D"", ""text"": ""読めよう""}]";A;「読む」は五段動詞なので「む→もう」になります。;;1;;6;2026-02-06 13:16:07.782088+00
pqq-n4-vol-7;pqs-n4-volitional;multiple_choice;「帰ろう＿＿＿としたとき、電話が鳴った」;;;"[{""id"": ""A"", ""text"": ""と""}, {""id"": ""B"", ""text"": ""に""}, {""id"": ""C"", ""text"": ""を""}, {""id"": ""D"", ""text"": ""が""}]";A;「〜ようとする」は be about to という意味です。;;1;;7;2026-02-06 13:16:07.782088+00
pqq-n4-vol-8;pqs-n4-volitional;multiple_choice;「泳ぐ」の意向形は？;;;"[{""id"": ""A"", ""text"": ""泳ごう""}, {""id"": ""B"", ""text"": ""泳ぐう""}, {""id"": ""C"", ""text"": ""泳ぎよう""}, {""id"": ""D"", ""text"": ""泳げよう""}]";A;「泳ぐ」は五段動詞なので「ぐ→ごう」になります。;;1;;8;2026-02-06 13:16:07.782088+00
pqq-n4-vol-9;pqs-n4-volitional;multiple_choice;「書く」の意向形は？;;;"[{""id"": ""A"", ""text"": ""書こう""}, {""id"": ""B"", ""text"": ""書くう""}, {""id"": ""C"", ""text"": ""書きよう""}, {""id"": ""D"", ""text"": ""書けよう""}]";A;「書く」は五段動詞なので「く→こう」になります。;;1;;9;2026-02-06 13:16:07.782088+00
pqq-n4-vol-10;pqs-n4-volitional;multiple_choice;「飲む」の意向形は？;;;"[{""id"": ""A"", ""text"": ""飲もう""}, {""id"": ""B"", ""text"": ""飲むう""}, {""id"": ""C"", ""text"": ""飲みよう""}, {""id"": ""D"", ""text"": ""飲めよう""}]";A;「飲む」は五段動詞なので「む→もう」になります。;;1;;10;2026-02-06 13:16:07.782088+00
