id;lesson_id;question_type;question_text;options;correct_answer;explanation;created_at
71efed68-16f0-4743-b341-86f054a1f593;23805733-a636-4397-8818-c59c7ec3b821;multiple_choice;"Apa arti ""おはようございます""?";"[""Selamat pagi"",""Selamat siang"",""Selamat malam"",""Sampai jumpa""]";Selamat pagi;"""おはようございます"" (ohayou gozaimasu) adalah salam pagi yang formal dalam bahasa Jepang.";2026-01-22 07:51:51.987384+00
46754873-6534-42b8-99a7-e83eb177a774;23805733-a636-4397-8818-c59c7ec3b821;multiple_choice;"Kapan menggunakan ""こんにちは""?";"[""Pagi hari"",""Siang hari"",""Malam hari"",""Tengah malam""]";Siang hari;"""こんにちは"" (konnichiwa) digunakan untuk menyapa di siang hari, biasanya dari jam 10 pagi sampai sore.";2026-01-22 07:51:51.987384+00
0e278c7b-e74f-4552-9399-b9afbeee4eae;23805733-a636-4397-8818-c59c7ec3b821;multiple_choice;"Bagaimana cara menjawab ""お元気ですか""?";"[""ありがとう"",""さようなら"",""元気です"",""すみません""]";元気です;"Untuk menjawab ""お元気ですか"" (apa kabar?), kita bisa menjawab ""元気です"" (saya baik-baik saja).";2026-01-22 07:51:51.987384+00
d42d2288-bc0c-4073-9915-a339cf91269c;23805733-a636-4397-8818-c59c7ec3b821;multiple_choice;Mana yang merupakan salam INFORMAL untuk pagi hari?;"[""おはようございます"",""おはよう"",""こんにちは"",""こんばんは""]";おはよう;"""おはよう"" (ohayou) adalah versi informal dari ""おはようございます"", digunakan dengan teman atau orang yang lebih muda.";2026-01-22 07:51:51.987384+00
4e91e794-6922-4405-a935-3e04220d8b1e;23805733-a636-4397-8818-c59c7ec3b821;multiple_choice;Lengkapi percakapan: A: こんにちは。___? B: 元気です。;"[""お元気ですか"",""ありがとう"",""さようなら"",""すみません""]";お元気ですか;"Percakapan yang lengkap adalah: ""Selamat siang. Apa kabar? - Saya baik.""";2026-01-22 07:51:51.987384+00
c6683d9b-bbb2-4bd0-a2e1-aae195f39c0c;08ae6695-7d7e-4aa4-803c-d39367a23306;multiple_choice;"Apa arti ""こんばんは""?";"[""Selamat pagi"",""Selamat siang"",""Selamat malam"",""Selamat tidur""]";Selamat malam;"""こんばんは"" (konbanwa) adalah salam yang digunakan di malam hari.";2026-01-22 07:51:51.987384+00
00c3b0bd-5b38-4fcf-b941-2472d84af1fa;08ae6695-7d7e-4aa4-803c-d39367a23306;multiple_choice;Mana yang benar untuk mengucapkan selamat tidur secara formal?;"[""おやすみ"",""おやすみなさい"",""さようなら"",""また明日""]";おやすみなさい;"""おやすみなさい"" (oyasuminasai) adalah cara formal untuk mengucapkan selamat tidur.";2026-01-22 07:51:51.987384+00
0dc8630b-eb38-4185-b726-4280eab6195a;08ae6695-7d7e-4aa4-803c-d39367a23306;multiple_choice;"Apa arti ""また明日""?";"[""Selamat tinggal"",""Sampai nanti"",""Sampai besok"",""Apa kabar""]";Sampai besok;"""また明日"" (mata ashita) berarti ""sampai besok"" atau ""see you tomorrow"".";2026-01-22 07:51:51.987384+00
12b6275c-01e2-4396-8b8e-1b9a34077713;d2784789-02f7-49bf-8954-ddd4fd52acbe;multiple_choice;Apa yang pertama kali diucapkan saat berkenalan?;"[""よろしくおねがいします"",""はじめまして"",""さようなら"",""ありがとう""]";はじめまして;「はじめまして」adalah salam yang diucapkan saat PERTAMA KALI bertemu seseorang.;2026-01-22 11:18:09.428315+00
35fc326c-05d4-49e0-b2b0-d0df3f1604d9;d2784789-02f7-49bf-8954-ddd4fd52acbe;multiple_choice;"Bagaimana mengatakan ""Saya datang dari Indonesia""?";"[""インドネシアに行きます"",""インドネシアから来ました"",""インドネシアで働きます"",""インドネシアを見ました""]";インドネシアから来ました;"「〜から来ました」berarti ""datang dari~"".「に」untuk tujuan,「で」untuk tempat aktivitas.";2026-01-22 11:18:09.428315+00
da50526a-ae74-46e4-8a47-d403d2f30515;d2784789-02f7-49bf-8954-ddd4fd52acbe;multiple_choice;Apa arti「わたしはインドネシア人です」?;"[""Saya tinggal di Indonesia"",""Saya orang Indonesia"",""Saya pergi ke Indonesia"",""Saya suka Indonesia""]";Saya orang Indonesia;「〜人」(jin) adalah sufiks untuk menyatakan kebangsaan. インドネシア人 = orang Indonesia.;2026-01-22 11:18:09.428315+00
6e091897-b85d-4e05-9464-bcebae88827e;d2784789-02f7-49bf-8954-ddd4fd52acbe;multiple_choice;Mana yang lebih SOPAN untuk mengatakan nama?;"[""ブディです"",""ブディと申します"",""ブディだ"",""ブディと言います""]";ブディと申します;「〜と申します」adalah bentuk sangat sopan dari「〜です」untuk memperkenalkan nama sendiri.;2026-01-22 11:18:09.428315+00
73370090-6f45-4f12-adf4-30dad73fb46b;d2784789-02f7-49bf-8954-ddd4fd52acbe;multiple_choice;Apa arti「会社で働いています」?;"[""Saya pergi ke perusahaan"",""Saya bekerja di perusahaan"",""Saya memiliki perusahaan"",""Saya mencari perusahaan""]";Saya bekerja di perusahaan;"「〜で働いています」berarti ""bekerja di~"".「で」menunjukkan tempat aktivitas.";2026-01-22 11:18:09.428315+00
213422ed-f732-4ea2-bb2b-fcb31b69e03f;d2784789-02f7-49bf-8954-ddd4fd52acbe;multiple_choice;Bagaimana menjawab「ご出身はどちらですか」?;"[""会社員です"",""ブディです"",""インドネシアです"",""25歳です""]";インドネシアです;「ご出身は」menanyakan asal/tempat kelahiran, jadi jawabannya adalah nama negara/kota.;2026-01-22 11:18:37.753336+00
5884fd1f-4faf-477c-95dd-79ce2235bfc8;d2784789-02f7-49bf-8954-ddd4fd52acbe;multiple_choice;「工場」dibaca...;"[""かいしゃ"",""こうじょう"",""しごと"",""ぶしょ""]";こうじょう;「工場」dibaca「こうじょう」(koujou) dan berarti pabrik.;2026-01-22 11:18:37.753336+00
d9bc16d1-5f41-4267-a713-93955d3f3010;d2784789-02f7-49bf-8954-ddd4fd52acbe;multiple_choice;Apa yang diucapkan di AKHIR perkenalan?;"[""はじめまして"",""さようなら"",""よろしくおねがいします"",""すみません""]";よろしくおねがいします;"「よろしくおねがいします」diucapkan di akhir perkenalan, artinya ""mohon bantuannya"".";2026-01-22 11:18:37.753336+00
6089fdb0-cd38-4a87-968c-f95c68d22812;d2784789-02f7-49bf-8954-ddd4fd52acbe;multiple_choice;Bagaimana merespons pujian dalam budaya Jepang?;"[""はい、そうです"",""ありがとうございます。でも、まだまだです"",""もちろんです"",""知っています""]";ありがとうございます。でも、まだまだです;"Dalam budaya Jepang, merendah saat dipuji adalah tanda kerendahan hati.「まだまだです」= ""masih jauh"".";2026-01-22 11:18:37.753336+00
7ab3787c-d377-4dfb-a03b-4e3afbea0482;d2784789-02f7-49bf-8954-ddd4fd52acbe;multiple_choice;Lengkapi: A:「はじめまして」B:「___」;"[""さようなら"",""はじめまして"",""ただいま"",""いただきます""]";はじめまして;Ketika seseorang mengatakan「はじめまして」, kita membalas dengan「はじめまして」juga.;2026-01-22 11:18:37.753336+00
218fb05c-1a12-4dcd-b34a-6b45a4e69653;d2ccd383-b92d-4322-a50f-348318b95250;multiple_choice;Apa yang pertama kali diucapkan saat berkenalan?;"[""よろしくおねがいします"",""はじめまして"",""さようなら"",""ありがとう""]";はじめまして;「はじめまして」adalah salam yang diucapkan saat PERTAMA KALI bertemu seseorang.;2026-01-22 11:31:20.030626+00
1c6cf11a-3e97-4535-aef9-ddf6c1ac6b71;d2ccd383-b92d-4322-a50f-348318b95250;multiple_choice;"Bagaimana mengatakan ""Saya datang dari Indonesia""?";"[""インドネシアに行きます"",""インドネシアから来ました"",""インドネシアで働きます"",""インドネシアを見ました""]";インドネシアから来ました;"「〜から来ました」berarti ""datang dari~"".「に」untuk tujuan,「で」untuk tempat aktivitas.";2026-01-22 11:31:20.030626+00
5829719d-6734-4b3c-bb20-08b8a18a075b;d2ccd383-b92d-4322-a50f-348318b95250;multiple_choice;Apa arti「わたしはインドネシア人です」?;"[""Saya tinggal di Indonesia"",""Saya orang Indonesia"",""Saya pergi ke Indonesia"",""Saya suka Indonesia""]";Saya orang Indonesia;「〜人」(jin) adalah sufiks untuk menyatakan kebangsaan. インドネシア人 = orang Indonesia.;2026-01-22 11:31:20.030626+00
c2d4d85d-10d1-4b1d-ab1e-b26c6ded1844;d2ccd383-b92d-4322-a50f-348318b95250;multiple_choice;Mana yang lebih SOPAN untuk mengatakan nama?;"[""ブディです"",""ブディと申します"",""ブディだ"",""ブディと言います""]";ブディと申します;「〜と申します」adalah bentuk sangat sopan dari「〜です」untuk memperkenalkan nama sendiri.;2026-01-22 11:31:20.030626+00
886fefd6-f0e4-40fd-a2d6-54be9449d1db;d2ccd383-b92d-4322-a50f-348318b95250;multiple_choice;Apa arti「会社で働いています」?;"[""Saya pergi ke perusahaan"",""Saya bekerja di perusahaan"",""Saya memiliki perusahaan"",""Saya mencari perusahaan""]";Saya bekerja di perusahaan;"「〜で働いています」berarti ""bekerja di~"".「で」menunjukkan tempat aktivitas.";2026-01-22 11:31:20.030626+00
2523b92c-380d-4f3b-9cb8-f0a51fe02b30;d2ccd383-b92d-4322-a50f-348318b95250;multiple_choice;Bagaimana menjawab「ご出身はどちらですか」?;"[""会社員です"",""ブディです"",""インドネシアです"",""25歳です""]";インドネシアです;「ご出身は」menanyakan asal/tempat kelahiran, jadi jawabannya adalah nama negara/kota.;2026-01-22 11:31:20.030626+00
79077100-3037-4cf9-85c5-9047736645eb;d2ccd383-b92d-4322-a50f-348318b95250;multiple_choice;「工場」dibaca...;"[""かいしゃ"",""こうじょう"",""しごと"",""ぶしょ""]";こうじょう;「工場」dibaca「こうじょう」(koujou) dan berarti pabrik.;2026-01-22 11:31:20.030626+00
84b73570-5208-44cc-a947-e33989fef3f9;d2ccd383-b92d-4322-a50f-348318b95250;multiple_choice;Apa yang diucapkan di AKHIR perkenalan?;"[""はじめまして"",""さようなら"",""よろしくおねがいします"",""すみません""]";よろしくおねがいします;"「よろしくおねがいします」diucapkan di akhir perkenalan, artinya ""mohon bantuannya"".";2026-01-22 11:31:20.030626+00
a5ad4bbf-5dbb-4992-9f01-54c5bea5dc11;d2ccd383-b92d-4322-a50f-348318b95250;multiple_choice;Bagaimana merespons pujian dalam budaya Jepang?;"[""はい、そうです"",""ありがとうございます。でも、まだまだです"",""もちろんです"",""知っています""]";ありがとうございます。でも、まだまだです;"Dalam budaya Jepang, merendah saat dipuji adalah tanda kerendahan hati.「まだまだです」= ""masih jauh"".";2026-01-22 11:31:20.030626+00
eb579a2f-359a-4943-ae01-2debc20fd33e;d2ccd383-b92d-4322-a50f-348318b95250;multiple_choice;Lengkapi: A:「はじめまして」B:「___」;"[""さようなら"",""はじめまして"",""ただいま"",""いただきます""]";はじめまして;Ketika seseorang mengatakan「はじめまして」, kita membalas dengan「はじめまして」juga.;2026-01-22 11:31:20.030626+00
d43b8401-9541-46b8-9ce3-9bfc9bd675c3;40ab9f17-20cb-4803-ab51-d686c18c2a13;multiple_choice;"Bagaimana bertanya ""Ada berapa apel?"" dengan cara universal?";"[""りんごは何個ありますか"",""りんごはいくつありますか"",""りんごは何本ありますか"",""りんごはいくらですか""]";りんごはいくつありますか;「いくつ」adalah kata tanya universal untuk menanyakan jumlah, digunakan dengan counter「〜つ」.;2026-01-22 12:36:03.356403+00
e8711c03-fd08-4404-b465-09239848af3c;40ab9f17-20cb-4803-ab51-d686c18c2a13;multiple_choice;"Untuk bertanya ""Berapa orang?"", kita gunakan...";"[""何個"",""いくつ"",""何人"",""何本""]";何人;「何人」(なんにん) adalah kata tanya untuk menanyakan jumlah orang.;2026-01-22 12:36:03.356403+00
15d31628-eee3-4d47-8b38-89359ce8bf04;40ab9f17-20cb-4803-ab51-d686c18c2a13;multiple_choice;「ペンは何本ありますか」artinya...;"[""Pulpen ini berapa harganya?"",""Ada berapa pulpen?"",""Pulpen yang mana?"",""Dimana pulpennya?""]";Ada berapa pulpen?;「何本」(なんぼん) digunakan untuk menanyakan jumlah benda panjang seperti pulpen.;2026-01-22 12:36:03.356403+00
3017541e-7089-4475-9430-8d29e6e47cb5;40ab9f17-20cb-4803-ab51-d686c18c2a13;multiple_choice;Perbedaan「ある」dan「いる」adalah...;"[""ある untuk besar, いる untuk kecil"",""ある untuk benda mati, いる untuk makhluk hidup"",""ある formal, いる informal"",""Tidak ada perbedaan""]";ある untuk benda mati, いる untuk makhluk hidup;「ある」digunakan untuk benda mati (meja, buku), sedangkan「いる」untuk makhluk hidup (orang, hewan).;2026-01-22 12:36:03.356403+00
c45dd190-885f-413d-8f4d-2bd9f6094a75;40ab9f17-20cb-4803-ab51-d686c18c2a13;multiple_choice;"Bagaimana menjawab ""りんごはいくつありますか"" jika ada 5 apel?";"[""五本あります"",""五人います"",""五つあります"",""五枚あります""]";五つあります;Jika ditanya dengan「いくつ」, jawab dengan「〜つ」. 5 =「いつつ」atau「五つ」.;2026-01-22 12:36:03.356403+00
dead2dc9-7330-4edd-89dd-cd6d13b5e84a;40ab9f17-20cb-4803-ab51-d686c18c2a13;multiple_choice;「たくさん」artinya...;"[""Sedikit"",""Banyak"",""Setengah"",""Semua""]";Banyak;「たくさん」berarti banyak. Contoh:「りんごがたくさんあります」= Ada banyak apel.;2026-01-22 12:36:03.356403+00
337d1c76-9673-411b-a9f1-2a24f809cfac;40ab9f17-20cb-4803-ab51-d686c18c2a13;multiple_choice;"Di pabrik, untuk bertanya ""Butuh berapa baut?"", kita bilang...";"[""ねじはいくらですか"",""ねじは何本いりますか"",""ねじはどこですか"",""ねじは何ですか""]";ねじは何本いりますか;Baut adalah benda panjang, jadi gunakan「何本」.「いります」= butuh/perlu.;2026-01-22 12:36:03.356403+00
042d56ab-5aa7-409d-854b-581ebea0a6e4;40ab9f17-20cb-4803-ab51-d686c18c2a13;multiple_choice;「全部」artinya...;"[""Setengah"",""Sedikit"",""Semua / Total"",""Banyak""]";Semua / Total;「全部」(ぜんぶ) berarti semua atau total. Contoh:「全部でいくらですか」= Totalnya berapa?;2026-01-22 12:36:03.356403+00
36eb8ed9-57a1-4f4e-9b83-dfa1b545cd12;cb56d1ce-f315-4182-a236-0b641ff05a29;multiple_choice;「みっつ」artinya...;"[""Satu"",""Dua"",""Tiga"",""Empat""]";Tiga;「みっつ」adalah cara menghitung tiga benda dengan counter universal〜つ.;2026-01-22 12:39:24.434844+00
172fe5c3-750e-4b6f-a304-345eab72e3ff;cb56d1ce-f315-4182-a236-0b641ff05a29;multiple_choice;Untuk menghitung 2 orang, kita bilang...;"[""ににん"",""ふたり"",""ふたつ"",""にじん""]";ふたり;1 dan 2 orang adalah pengecualian:「ひとり」(1 orang) dan「ふたり」(2 orang).;2026-01-22 12:39:24.434844+00
be012da0-e4e6-4e25-9535-104f0f7845cc;cb56d1ce-f315-4182-a236-0b641ff05a29;multiple_choice;Counter「〜本」digunakan untuk...;"[""Benda tipis"",""Benda panjang"",""Benda kecil bulat"",""Orang""]";Benda panjang;「〜本」digunakan untuk benda panjang dan silindris seperti pensil, botol, payung.;2026-01-22 12:39:24.434844+00
2532aaaa-3e71-4203-ab33-a7b7da8102a4;cb56d1ce-f315-4182-a236-0b641ff05a29;multiple_choice;「ペンを三本ください」artinya...;"[""Tolong tiga kertas"",""Tolong tiga pulpen"",""Tolong tiga orang"",""Tolong tiga buah""]";Tolong tiga pulpen;「三本」(さんぼん) untuk 3 benda panjang. Perhatikan perubahan bunyi: ほん → ぼん.;2026-01-22 12:39:24.434844+00
53c2d1d6-f5e6-4c59-a9d6-fc23acb22bb4;cb56d1ce-f315-4182-a236-0b641ff05a29;multiple_choice;Counter「〜枚」cocok untuk...;"[""Pulpen"",""Kertas"",""Apel"",""Mobil""]";Kertas;「〜枚」untuk benda tipis dan datar seperti kertas, tiket, baju.;2026-01-22 12:39:24.434844+00
fc3e6f8e-181d-4f3a-9da3-c50f7630e08b;cb56d1ce-f315-4182-a236-0b641ff05a29;multiple_choice;「いっこ」adalah cara baca dari...;"[""一人"",""一本"",""一個"",""一枚""]";一個;「一個」(いっこ) = satu buah. Perhatikan っ kecil (sokuon) di depan.;2026-01-22 12:39:24.434844+00
b940f437-231f-4c9a-8a88-b7b43c536812;cb56d1ce-f315-4182-a236-0b641ff05a29;multiple_choice;Di pabrik, untuk menghitung mesin kita gunakan...;"[""〜個"",""〜本"",""〜枚"",""〜台""]";〜台;「〜台」digunakan untuk mesin dan kendaraan.;2026-01-22 12:39:24.434844+00
45047a6d-c6d1-4a88-bae1-b31613d83c33;cb56d1ce-f315-4182-a236-0b641ff05a29;multiple_choice;Jika tidak tahu counter yang tepat, gunakan...;"[""〜人"",""〜つ"",""〜個"",""〜本""]";〜つ;「〜つ」adalah counter universal yang bisa digunakan untuk berbagai benda.;2026-01-22 12:39:24.434844+00
ee6880e9-aa47-4eb7-a14b-9b6bdaffb563;2198cfcd-a9e1-4573-9e61-df8ec66abda4;multiple_choice;"Untuk bertanya ""Berapa harganya?"", kita bilang...";"[""これはいくつですか"",""これはいくらですか"",""これはなんですか"",""これはどこですか""]";これはいくらですか;「いくら」khusus untuk menanyakan harga, sedangkan「いくつ」untuk jumlah.;2026-01-22 12:41:10.507067+00
1dfad188-426b-4c91-9bde-2eccf03fbbb4;2198cfcd-a9e1-4573-9e61-df8ec66abda4;multiple_choice;「高い」artinya...;"[""Murah"",""Mahal"",""Besar"",""Kecil""]";Mahal;「高い」(たかい) berarti mahal. Kebalikannya adalah「安い」(やすい) = murah.;2026-01-22 12:41:10.507067+00
ed40a0ef-c529-40dc-bd09-f4f2acfc53b1;2198cfcd-a9e1-4573-9e61-df8ec66abda4;multiple_choice;「おつり」artinya...;"[""Harga"",""Uang"",""Kembalian"",""Total""]";Kembalian;「おつり」adalah uang kembalian setelah membayar.;2026-01-22 12:41:10.507067+00
c8dbabd4-15dc-467d-b32e-71e69cdb2a25;2198cfcd-a9e1-4573-9e61-df8ec66abda4;multiple_choice;Mata uang Jepang adalah...;"[""ドル (doru)"",""円 (en)"",""ウォン (won)"",""ルピア (rupia)""]";円 (en);"「円」(えん) adalah mata uang Jepang, dibaca ""en"" atau ""yen"".";2026-01-22 12:41:10.507067+00
083f7b93-0e82-4fc1-bb35-0d7c075d15c1;2198cfcd-a9e1-4573-9e61-df8ec66abda4;multiple_choice;「全部でいくらですか」artinya...;"[""Ini apa?"",""Ada berapa?"",""Totalnya berapa?"",""Dimana semuanya?""]";Totalnya berapa?;「全部で」= total/semuanya.「いくら」= berapa (harga).;2026-01-22 12:41:10.507067+00
a04b0f9c-cc65-4c24-b04f-0c9c0a2a0c0a;2198cfcd-a9e1-4573-9e61-df8ec66abda4;multiple_choice;「買う」artinya...;"[""Menjual"",""Membeli"",""Membayar"",""Menukar""]";Membeli;「買う」(かう) = membeli.「払う」(はらう) = membayar.;2026-01-22 12:41:10.507067+00
f4a96b4d-8f50-4c98-8b3e-12ea2f9cda79;2198cfcd-a9e1-4573-9e61-df8ec66abda4;multiple_choice;「カードで払います」artinya...;"[""Saya bayar tunai"",""Saya bayar dengan kartu"",""Saya beli kartu"",""Kartunya mahal""]";Saya bayar dengan kartu;「で」menunjukkan alat/cara.「カードで」= dengan kartu.;2026-01-22 12:41:10.507067+00
9bd5b129-f2c9-4487-bbbf-8960fafb312c;2198cfcd-a9e1-4573-9e61-df8ec66abda4;multiple_choice;Kebalikan dari「高い」adalah...;"[""大きい"",""小さい"",""安い"",""新しい""]";安い;「高い」(mahal) ↔「安い」(murah).「大きい」(besar) ↔「小さい」(kecil).;2026-01-22 12:41:10.507067+00
e43aa059-1cac-4e13-8e64-4525bf16aa8e;9d2de7ac-3ad5-4fcd-b7bf-b77b4a40195e;multiple_choice;Apa yang diucapkan kasir saat pelanggan masuk toko?;"[""ありがとうございます"",""いらっしゃいませ"",""すみません"",""おはようございます""]";いらっしゃいませ;「いらっしゃいませ」adalah sapaan standar di toko Jepang saat pelanggan masuk.;2026-01-22 12:43:29.690346+00
138ae3a2-2f4d-4365-9d4a-9e589799bd13;9d2de7ac-3ad5-4fcd-b7bf-b77b4a40195e;multiple_choice;「かしこまりました」artinya...;"[""Terima kasih"",""Baik, saya mengerti"",""Selamat datang"",""Sampai jumpa""]";Baik, saya mengerti;"「かしこまりました」adalah cara sangat sopan untuk mengatakan ""Baik, saya mengerti"", sering digunakan oleh pelayan/kasir.";2026-01-22 12:43:29.690346+00
8766739f-b567-4e72-bcf5-daf8e071a30e;9d2de7ac-3ad5-4fcd-b7bf-b77b4a40195e;multiple_choice;Dalam dialog, berapa harga satu onigiri?;"[""100円"",""150円"",""200円"",""450円""]";150円;Kasir menjawab「それは百五十円です」= Itu 150 yen.;2026-01-22 12:43:29.690346+00
67ff2f02-064a-498e-886d-40ff3aaf99ad;9d2de7ac-3ad5-4fcd-b7bf-b77b4a40195e;multiple_choice;Budi memesan berapa onigiri?;"[""一つ"",""二つ"",""三つ"",""四つ""]";二つ;Budi bilang「これを二つください」= Tolong ini dua.;2026-01-22 12:43:29.690346+00
02948538-2295-46ee-8861-43e7a20ba3ad;9d2de7ac-3ad5-4fcd-b7bf-b77b4a40195e;multiple_choice;「千円でお願いします」digunakan untuk...;"[""Menanyakan harga"",""Memberitahu cara bayar"",""Memesan makanan"",""Minta diskon""]";Memberitahu cara bayar;"Frasa ini digunakan saat memberikan uang ke kasir, artinya ""Dengan uang 1000 yen"".";2026-01-22 12:43:29.690346+00
e291057a-7f68-405a-9809-f30363a677f3;9d2de7ac-3ad5-4fcd-b7bf-b77b4a40195e;multiple_choice;Berapa total belanja Budi?;"[""300円"",""400円"",""450円"",""550円""]";450円;Kasir bilang「全部で四百五十円です」= Totalnya 450 yen.;2026-01-22 12:43:29.690346+00
5b2410ac-f399-4d4c-a146-f60f794c8bcf;9d2de7ac-3ad5-4fcd-b7bf-b77b4a40195e;multiple_choice;Berapa kembalian yang diterima Budi?;"[""450円"",""500円"",""550円"",""600円""]";550円;1000円 - 450円 = 550円. Kasir bilang「五百五十円のおつりです」.;2026-01-22 12:43:29.690346+00
aeb2af87-bde5-4abd-88b0-742e13cbf156;9d2de7ac-3ad5-4fcd-b7bf-b77b4a40195e;multiple_choice;Bagaimana kita merespons「いらっしゃいませ」?;"[""Bilang いらっしゃいませ juga"",""Cukup tersenyum atau mengangguk"",""Bilang すみません"",""Bilang おはようございます""]";Cukup tersenyum atau mengangguk;Di Jepang, kita tidak perlu membalas「いらっしゃいませ」. Cukup tersenyum atau mengangguk saja.;2026-01-22 12:43:29.690346+00
c2bdcbc8-9d5e-45fa-bbbf-cc6b1175721e;b387c766-953e-48ad-be3d-95bf60ef37a3;multiple_choice;Angka「三」dibaca...;"[""いち"",""に"",""さん"",""し""]";さん;「三」dibaca「さん」(san) dan berarti tiga.;2026-01-22 12:47:12.547473+00
ccc0d117-963c-40e3-bbcc-890630d2eb82;b387c766-953e-48ad-be3d-95bf60ef37a3;multiple_choice;"Bagaimana mengatakan ""20"" dalam bahasa Jepang?";"[""じゅうに"",""にじゅう"",""ふたつ"",""はたち""]";にじゅう;20 dibaca「にじゅう」(ni-juu). Pola: [angka satuan] + じゅう.;2026-01-22 12:47:12.547473+00
4753d692-b1f7-45fa-a71c-3ede72292505;b387c766-953e-48ad-be3d-95bf60ef37a3;multiple_choice;「六百」dibaca...;"[""ろくひゃく"",""ろっぴゃく"",""むひゃく"",""ろくびゃく""]";ろっぴゃく;「六百」dibaca「ろっぴゃく」(roppyaku). Ada perubahan bunyi pada 300, 600, 800.;2026-01-22 12:47:12.547473+00
b0c98ea9-b650-4e54-9461-f23a267bba8d;b387c766-953e-48ad-be3d-95bf60ef37a3;multiple_choice;Counter untuk menghitung ORANG adalah...;"[""〜つ"",""〜個"",""〜人"",""〜本""]";〜人;「〜人」(nin) adalah counter untuk menghitung orang.;2026-01-22 12:47:12.547473+00
ae2a6b61-1945-4681-9bde-763ea5b95085;b387c766-953e-48ad-be3d-95bf60ef37a3;multiple_choice;"Bagaimana mengatakan ""2 orang""?";"[""にじん"",""ふたり"",""ににん"",""ふたにん""]";ふたり;1 orang =「ひとり」, 2 orang =「ふたり」. Ini pengecualian dari pola regular.;2026-01-22 12:47:12.547473+00
a4915de5-065f-477b-939c-c98c118cfc92;b387c766-953e-48ad-be3d-95bf60ef37a3;multiple_choice;Counter「〜本」digunakan untuk...;"[""Benda bulat"",""Benda tipis"",""Benda panjang seperti pensil"",""Orang""]";Benda panjang seperti pensil;「〜本」(hon) digunakan untuk benda panjang dan silindris: pensil, botol, payung, pohon.;2026-01-22 12:47:12.547473+00
fd361509-70b1-4a99-9da5-5c135e82e12b;b387c766-953e-48ad-be3d-95bf60ef37a3;multiple_choice;"Bagaimana bertanya ""Berapa harganya?""";"[""なんですか"",""いくらですか"",""どこですか"",""だれですか""]";いくらですか;"「いくら」berarti ""berapa (harga)"".「いくらですか」= Berapa harganya?";2026-01-22 12:47:12.547473+00
164859ac-310b-4612-bd28-436e2d476910;b387c766-953e-48ad-be3d-95bf60ef37a3;multiple_choice;「一万円」adalah berapa?;"[""1.000 yen"",""10.000 yen"",""100.000 yen"",""100 yen""]";10.000 yen;「一万」(ichi-man) = 10.000. Dalam bahasa Jepang,「万」adalah unit untuk 10.000.;2026-01-22 12:47:12.547473+00
f45613b7-e272-4ea1-a263-de8c988fa136;b387c766-953e-48ad-be3d-95bf60ef37a3;multiple_choice;"Bagaimana mengatakan ""3 buah apel"" dengan counter universal?";"[""りんごさんこ"",""りんごをみっつ"",""りんごさんぼん"",""りんごさんまい""]";りんごをみっつ;「みっつ」adalah angka 3 dengan counter universal「〜つ」.;2026-01-22 12:47:12.547473+00
d7d06ee3-9bf9-4ac7-ba2f-cb2461627221;b387c766-953e-48ad-be3d-95bf60ef37a3;multiple_choice;Apa arti「おつり」?;"[""Harga"",""Kembalian"",""Total"",""Diskon""]";Kembalian;「おつり」berarti kembalian (uang yang dikembalikan setelah membayar).;2026-01-22 12:47:12.547473+00
785b2ff8-74d1-432b-8e48-0fbd6ec61249;b387c766-953e-48ad-be3d-95bf60ef37a3;multiple_choice;「八時」dibaca...;"[""やじ"",""はちじ"",""はつじ"",""よじ""]";はちじ;「八時」dibaca「はちじ」(hachi-ji) = jam 8.;2026-01-22 12:47:12.547473+00
1380d846-3e0c-4e70-bf56-f528056f727d;b387c766-953e-48ad-be3d-95bf60ef37a3;multiple_choice;Hitungan: 150 + 300 = ___円;"[""よんひゃくごじゅう"",""ごひゃく"",""さんびゃくごじゅう"",""よんひゃく""]";よんひゃくごじゅう;150 + 300 = 450「よんひゃくごじゅう」(yon-hyaku-go-juu).;2026-01-22 12:47:12.547473+00
5c53e644-1a3f-4a63-b4bc-b9d507bf5182;b1b2c3d4-0010-5678-9abc-def012345678;multiple_choice;「四時」の読み方は？;"[""しじ"",""よじ"",""よんじ"",""しちじ""]";よじ;「四時」dibaca「よじ」bukan「しじ」. Ini pengecualian penting!;2026-01-22 13:51:25.752647+00
771a5c12-688b-4fa4-9359-89eb50c0a7d3;b1b2c3d4-0010-5678-9abc-def012345678;multiple_choice;「九時」の読み方は？;"[""きゅうじ"",""くじ"",""ここのじ"",""きゅーじ""]";くじ;「九時」dibaca「くじ」bukan「きゅうじ」.;2026-01-22 13:51:25.752647+00
ba229839-84cd-4bc7-8128-edd5ea16cbf7;b1b2c3d4-0010-5678-9abc-def012345678;multiple_choice;「三分」の読み方は？;"[""さんふん"",""さんぷん"",""みふん"",""さんぶん""]";さんぷん;「三分」dibaca「さんぷん」dengan perubahan bunyi (rendaku).;2026-01-22 13:51:25.752647+00
64e55dc9-c06c-40b6-a571-ca131e0cc599;b1b2c3d4-0010-5678-9abc-def012345678;multiple_choice;Hari Senin dalam bahasa Jepang adalah...;"[""日曜日"",""月曜日"",""火曜日"",""水曜日""]";月曜日;「月曜日」(getsuyoubi) = Hari Senin. 月 = bulan.;2026-01-22 13:51:25.752647+00
7ac5b5b1-e478-4e43-8075-83497c6dee7d;b1b2c3d4-0010-5678-9abc-def012345678;multiple_choice;「金曜日」は何曜日ですか。;"[""Hari Kamis"",""Hari Jumat"",""Hari Sabtu"",""Hari Minggu""]";Hari Jumat;「金曜日」(kinyoubi) = Hari Jumat. 金 = emas/uang.;2026-01-22 13:51:25.752647+00
2ad94e9d-72c5-454f-a29a-8bf8b1828dcd;b1b2c3d4-0010-5678-9abc-def012345678;multiple_choice;「食べます」の意味は？;"[""minum"",""makan"",""tidur"",""bangun""]";makan;「食べます」(tabemasu) = makan (bentuk sopan).;2026-01-22 13:51:25.752647+00
7924604a-8b74-46b5-aedf-144e72f2d6f7;b1b2c3d4-0010-5678-9abc-def012345678;multiple_choice;Bentuk negatif dari「行きます」adalah...;"[""行きました"",""行きません"",""行かない"",""行って""]";行きません;Bentuk negatif ます → ません.「行きます」→「行きません」.;2026-01-22 13:51:25.752647+00
90da1cb8-8e3e-46dc-a87d-73a7aa5d4cb1;b1b2c3d4-0010-5678-9abc-def012345678;multiple_choice;Lengkapi: 七時___起きます。;"[""を"",""で"",""に"",""が""]";に;Partikel「に」digunakan setelah waktu spesifik.;2026-01-22 13:51:25.752647+00
b27da124-e413-470a-a5aa-c6df915c7b53;b1b2c3d4-0010-5678-9abc-def012345678;multiple_choice;Mana yang BENAR?;"[""今日に働きます"",""今日、働きます"",""今日を働きます"",""今日が働きます""]";今日、働きます;「今日」adalah kata waktu relatif, tidak perlu「に」.;2026-01-22 13:51:25.752647+00
712b057e-8534-440d-b153-26d46baea7eb;b1b2c3d4-0010-5678-9abc-def012345678;multiple_choice;Lengkapi: コーヒー___飲みます。;"[""を"",""に"",""で"",""が""]";を;Partikel「を」menandai objek langsung.;2026-01-22 13:51:25.752647+00
d8990e8b-d7ac-41d2-930c-e5f0ee153d3f;b1b2c3d4-0010-5678-9abc-def012345678;multiple_choice;Lengkapi: 工場___働きます。;"[""を"",""に"",""で"",""へ""]";で;Partikel「で」menandai tempat aktivitas.;2026-01-22 13:51:25.752647+00
5e4551fa-9b21-4698-9317-eaa36d8aa895;b1b2c3d4-0010-5678-9abc-def012345678;multiple_choice;「八時から五時まで働きます」の意味は？;"[""Bekerja dari jam 5 sampai jam 8"",""Bekerja dari jam 8 sampai jam 5"",""Bekerja jam 8 dan jam 5"",""Bekerja selama 8-5 jam""]";Bekerja dari jam 8 sampai jam 5;「から〜まで」= dari~sampai~.;2026-01-22 13:51:25.752647+00
3a432d67-a1ca-42e7-a788-c55f0cbd8da4;b1b2c3d4-0010-5678-9abc-def012345678;multiple_choice;"Translate: ""Saya tidak makan pagi.""";"[""朝ごはんを食べます。"",""朝ごはんを食べません。"",""朝ごはんを食べました。"",""朝ごはんを食べたい。""]";朝ごはんを食べません。;「食べません」= tidak makan (bentuk negatif sopan).;2026-01-22 13:51:25.752647+00
598470ba-5a15-4d95-b563-10032c441df0;b1b2c3d4-0010-5678-9abc-def012345678;multiple_choice;"Bagaimana bertanya ""Jam berapa sekarang?""";"[""何時に起きますか。"",""今、何時ですか。"",""何時から何時までですか。"",""何曜日ですか。""]";今、何時ですか。;「今、何時ですか」= Sekarang jam berapa?;2026-01-22 13:51:25.752647+00
c446ffda-e688-40f4-8b18-c6439d59f314;b1b2c3d4-0010-5678-9abc-def012345678;multiple_choice;「仕事の後で、日本語を勉強します」の意味は？;"[""Sebelum kerja, belajar bahasa Jepang"",""Setelah kerja, belajar bahasa Jepang"",""Saat kerja, belajar bahasa Jepang"",""Tanpa kerja, belajar bahasa Jepang""]";Setelah kerja, belajar bahasa Jepang;「〜の後で」= setelah~.;2026-01-22 13:51:25.752647+00
c8eef1a4-24e4-4c17-9459-dd1c124e05a3;d1a2b3c4-3008-5678-9abc-def012345678;multiple_choice;「わたしは学生です」の意味は？;"[""Saya adalah guru"",""Saya adalah siswa"",""Saya adalah dokter"",""Saya adalah karyawan""]";Saya adalah siswa;「学生」(gakusei) berarti siswa/mahasiswa.;2026-01-22 13:55:15.041055+00
55755be5-39d7-41a7-a8ef-9097d7cb27d6;d1a2b3c4-3008-5678-9abc-def012345678;multiple_choice;"Bagaimana bertanya ""Apakah ini buku?""";"[""これは本です。"",""これは本ですか。"",""これは本じゃありません。"",""これは何ですか。""]";これは本ですか。;Tambahkan「か」di akhir untuk membuat pertanyaan.;2026-01-22 13:55:15.041055+00
49cef17c-7203-4f8c-96bc-4da9db148b34;d1a2b3c4-3008-5678-9abc-def012345678;multiple_choice;Pilih kalimat negatif yang benar:;"[""わたしは先生です。"",""わたしは先生ですか。"",""わたしは先生じゃありません。"",""わたしは先生ですね。""]";わたしは先生じゃありません。;「じゃありません」digunakan untuk menyangkal.;2026-01-22 13:55:15.041055+00
a2fa192a-8d59-4923-b0bc-f0b42e830740;d1a2b3c4-3008-5678-9abc-def012345678;multiple_choice;「先生」の読み方は？;"[""がくせい"",""せんせい"",""かいしゃいん"",""いしゃ""]";せんせい;「先生」dibaca「せんせい」(sensei).;2026-01-22 13:55:15.041055+00
26262cd6-ddb5-4b70-a2da-6b39653a2da5;d1a2b3c4-3008-5678-9abc-def012345678;multiple_choice;Lengkapi: わたし___インドネシア人です。;"[""が"",""を"",""は"",""に""]";は;Partikel「は」digunakan untuk menandai topik kalimat.;2026-01-22 13:55:15.041055+00
527cdfe1-72e3-447b-bb3a-3b84c4710983;d1a2b3c4-3008-5678-9abc-def012345678;multiple_choice;「これは何ですか」artinya...;"[""Ini siapa?"",""Ini apa?"",""Itu apa?"",""Dimana ini?""]";Ini apa?;「これ」= ini,「何」= apa.;2026-01-22 13:55:15.041055+00
bf27f301-c015-41c3-b16c-ba6ff5a1ad18;d1a2b3c4-3008-5678-9abc-def012345678;multiple_choice;"Bagaimana menjawab ""Ya, benar""?";"[""いいえ、違います"",""はい、そうです"",""ありがとうございます"",""すみません""]";はい、そうです;「はい、そうです」= Ya, benar.;2026-01-22 13:55:15.041055+00
5c17f102-7fb7-427e-97ef-519ed9438538;d1a2b3c4-3008-5678-9abc-def012345678;multiple_choice;"Translate: ""Tanaka adalah orang Jepang.""";"[""田中さんはインドネシア人です。"",""田中さんは日本人です。"",""田中さんは学生です。"",""田中さんは先生です。""]";田中さんは日本人です。;「日本人」(nihonjin) = orang Jepang.;2026-01-22 13:55:15.041055+00
f5a6b7c8-3010-0001-0001-000000000001;d3e4f5a6-0001-1111-aaaa-000000000010;multiple_choice;「ここ」の意味は？;"[""Di situ"",""Di sini"",""Di sana"",""Di mana""]";Di sini;"「ここ」berarti ""di sini"" (dekat pembicara).";2026-01-22 14:09:16.712576+00
f5a6b7c8-3010-0001-0001-000000000002;d3e4f5a6-0001-1111-aaaa-000000000010;multiple_choice;"Untuk bertanya ""Di mana?"" kita gunakan...";"[""ここ"",""そこ"",""あそこ"",""どこ""]";どこ;"「どこ」adalah kata tanya untuk tempat, berarti ""di mana"".";2026-01-22 14:09:16.712576+00
f5a6b7c8-3010-0001-0001-000000000003;d3e4f5a6-0001-1111-aaaa-000000000010;multiple_choice;「机の上」の意味は？;"[""Di bawah meja"",""Di atas meja"",""Di samping meja"",""Di dalam meja""]";Di atas meja;"「上」(ue) berarti ""atas"".「机の上」= di atas meja.";2026-01-22 14:09:16.712576+00
f5a6b7c8-3010-0001-0001-000000000004;d3e4f5a6-0001-1111-aaaa-000000000010;multiple_choice;「右」と「左」の意味は？;"[""Atas dan Bawah"",""Depan dan Belakang"",""Kanan dan Kiri"",""Dalam dan Luar""]";Kanan dan Kiri;「右」(migi) = kanan,「左」(hidari) = kiri.;2026-01-22 14:09:16.712576+00
f5a6b7c8-3010-0001-0001-000000000005;d3e4f5a6-0001-1111-aaaa-000000000010;multiple_choice;「食堂」の意味は？;"[""Toilet"",""Ruang ganti"",""Kantin"",""Kantor""]";Kantin;「食堂」(shokudou) = kantin/ruang makan.;2026-01-22 14:09:16.712576+00
f5a6b7c8-3010-0001-0001-000000000006;d3e4f5a6-0001-1111-aaaa-000000000010;multiple_choice;「出口」と「入口」の意味は？;"[""Pintu keluar dan pintu masuk"",""Pintu masuk dan pintu keluar"",""Tangga dan lift"",""Kiri dan kanan""]";Pintu keluar dan pintu masuk;「出口」(deguchi) = pintu keluar,「入口」(iriguchi) = pintu masuk.;2026-01-22 14:09:16.712576+00
f5a6b7c8-3010-0001-0001-000000000007;d3e4f5a6-0001-1111-aaaa-000000000010;multiple_choice;Lengkapi: 会社___行きます。;"[""を"",""に"",""で"",""が""]";に;Partikel「に」digunakan untuk menunjukkan tujuan dengan kata kerja「行きます」.;2026-01-22 14:09:16.712576+00
f5a6b7c8-3010-0001-0001-000000000008;d3e4f5a6-0001-1111-aaaa-000000000010;multiple_choice;Lengkapi: レストラン___食べます。;"[""を"",""に"",""で"",""へ""]";で;Partikel「で」digunakan untuk menunjukkan tempat aktivitas terjadi.;2026-01-22 14:09:16.712576+00
f5a6b7c8-3010-0001-0001-000000000009;d3e4f5a6-0001-1111-aaaa-000000000010;multiple_choice;「机の上に本があります」の意味は？;"[""Ada kucing di atas meja"",""Ada buku di atas meja"",""Buku ada di bawah meja"",""Tidak ada buku""]";Ada buku di atas meja;「本があります」= ada buku.「机の上に」= di atas meja.;2026-01-22 14:09:16.712576+00
f5a6b7c8-3010-0001-0001-000000000010;d3e4f5a6-0001-1111-aaaa-000000000010;multiple_choice;Pilih kalimat yang BENAR:;"[""猫があります"",""猫がいます"",""本がいます"",""机がいます""]";猫がいます;「います」untuk makhluk hidup (kucing),「あります」untuk benda mati (buku, meja).;2026-01-22 14:09:16.712576+00
f5a6b7c8-3010-0001-0001-000000000011;d3e4f5a6-0001-1111-aaaa-000000000010;multiple_choice;「まっすぐ行ってください」の意味は？;"[""Tolong belok kanan"",""Tolong belok kiri"",""Tolong jalan lurus"",""Tolong berhenti""]";Tolong jalan lurus;「まっすぐ」= lurus.「行ってください」= tolong pergi/jalan.;2026-01-22 14:09:16.712576+00
f5a6b7c8-3010-0001-0001-000000000012;d3e4f5a6-0001-1111-aaaa-000000000010;multiple_choice;「角を右に曲がってください」の意味は？;"[""Tolong belok kiri di sudut"",""Tolong belok kanan di sudut"",""Tolong jalan lurus di sudut"",""Tolong berhenti di sudut""]";Tolong belok kanan di sudut;「角」= sudut,「右に曲がる」= belok kanan.;2026-01-22 14:09:16.712576+00
f5a6b7c8-3010-0001-0001-000000000013;d3e4f5a6-0001-1111-aaaa-000000000010;multiple_choice;「バスに乗ります」の意味は？;"[""Turun dari bus"",""Naik bus"",""Menunggu bus"",""Melihat bus""]";Naik bus;「乗ります」(norimasu) = naik (kendaraan).;2026-01-22 14:09:16.712576+00
f5a6b7c8-3010-0001-0001-000000000014;d3e4f5a6-0001-1111-aaaa-000000000010;multiple_choice;「駅で降ります」の意味は？;"[""Naik di stasiun"",""Turun di stasiun"",""Pergi ke stasiun"",""Sampai di stasiun""]";Turun di stasiun;「降ります」(orimasu) = turun (dari kendaraan).;2026-01-22 14:09:16.712576+00
f5a6b7c8-3010-0001-0001-000000000015;d3e4f5a6-0001-1111-aaaa-000000000010;multiple_choice;"Bagaimana bertanya ""Toilet di mana?""";"[""トイレは何ですか。"",""トイレはどこですか。"",""トイレはいつですか。"",""トイレはだれですか。""]";トイレはどこですか。;「どこ」= di mana.「トイレはどこですか」= Toilet di mana?;2026-01-22 14:09:16.712576+00
ee5f03c4-b0c6-44b8-a040-54ce5458cfd7;b904af26-f934-4480-85be-1bd6412201c3;multiple_choice;「書く」の可能形は何ですか？;"[""書ける"",""書かれる"",""書こう"",""書きます""]";書ける;書く adalah kata kerja grup 1, sehingga bentuk kemampuannya adalah 書ける (u → eru);2026-02-06 13:09:56.448139+00
7a427acc-6cbc-495b-9547-ac9524b4b712;b904af26-f934-4480-85be-1bd6412201c3;multiple_choice;「食べる」の可能形は何ですか？;"[""食べれる"",""食べられる"",""食べさせる"",""食べよう""]";食べられる;食べる adalah kata kerja grup 2, sehingga bentuk kemampuannya adalah 食べられる (ru → rareru);2026-02-06 13:09:56.448139+00
83bbc89a-b3b7-429c-9349-b9a992023bb2;b904af26-f934-4480-85be-1bd6412201c3;multiple_choice;「来る」の可能形は何ですか？;"[""来れる"",""来られる"",""来させる"",""来よう""]";来られる;来る adalah kata kerja tidak beraturan, bentuk kemampuannya adalah 来られる;2026-02-06 13:09:56.448139+00
ef1a0fce-e158-4a66-9663-2c1440baaeda;06dfccea-f73b-4f69-a903-d8c0f4cc9a5a;multiple_choice;「日本語＿話せます」助詞は？;"[""を"",""が"",""に"",""で""]";が;Dengan bentuk kemampuan, biasanya menggunakan partikel が untuk menandai objek;2026-02-06 13:09:56.448139+00
a03889cc-bebc-43dd-af5c-019dd2bccf79;06dfccea-f73b-4f69-a903-d8c0f4cc9a5a;multiple_choice;Apa arti「ピアノが弾けます」?;"[""Bisa bermain piano"",""Ingin bermain piano"",""Sedang bermain piano"",""Bermain piano""]";Bisa bermain piano;弾ける adalah bentuk kemampuan dari 弾く (memainkan alat musik);2026-02-06 13:09:56.448139+00
c8106bc0-0a08-4ef9-9f46-873ad84474f1;60d0658e-7be7-4f35-9225-91f9a596e7fd;multiple_choice;「行く」の意志形は何ですか？;"[""行けば"",""行こう"",""行って"",""行きたい""]";行こう;行く adalah kata kerja grup 1, bentuk kemauannya adalah 行こう (u → ou);2026-02-06 13:09:56.448139+00
5ea8e34d-9c10-4280-b7a0-1715a90f18ce;60d0658e-7be7-4f35-9225-91f9a596e7fd;multiple_choice;「見る」の意志形は何ですか？;"[""見れば"",""見られる"",""見よう"",""見たい""]";見よう;見る adalah kata kerja grup 2, bentuk kemauannya adalah 見よう (ru → you);2026-02-06 13:09:56.448139+00
73014662-c935-49c1-9464-c8426d5522b5;60d0658e-7be7-4f35-9225-91f9a596e7fd;multiple_choice;「する」の意志形は何ですか？;"[""すれば"",""しよう"",""される"",""したい""]";しよう;する adalah kata kerja tidak beraturan, bentuk kemauannya adalah しよう;2026-02-06 13:09:56.448139+00
5a199a4c-87cd-47f6-8f0e-38888bf7f5a1;6b72966f-b086-4d99-a909-3bcd9857c9d8;multiple_choice;「来年日本に行こう＿思います」助詞は？;"[""が"",""を"",""と"",""に""]";と;Pola ～ようと思う menggunakan partikel と untuk menyatakan niat;2026-02-06 13:09:56.448139+00
c573c30b-9765-4a5c-9e89-f3b4d1af122c;6b72966f-b086-4d99-a909-3bcd9857c9d8;multiple_choice;Apa arti「ドアを開けようとした」?;"[""Pintu terbuka"",""Mencoba membuka pintu"",""Bisa membuka pintu"",""Ingin membuka pintu""]";Mencoba membuka pintu;～ようとする berarti mencoba melakukan sesuatu;2026-02-06 13:09:56.448139+00
736749b3-5416-4bd8-9f0f-955ae4315df0;1f621b93-6ca6-4600-8bf2-926a71e35f72;multiple_choice;「読む」の受身形は何ですか？;"[""読める"",""読まれる"",""読ませる"",""読もう""]";読まれる;読む adalah kata kerja grup 1, bentuk pasifnya adalah 読まれる (u → areru);2026-02-06 13:09:56.448139+00
07e4ab5b-a7b3-491e-a47c-af71656a02cd;1f621b93-6ca6-4600-8bf2-926a71e35f72;multiple_choice;「招待する」の受身形は何ですか？;"[""招待できる"",""招待される"",""招待させる"",""招待しよう""]";招待される;する menjadi される dalam bentuk pasif;2026-02-06 13:09:56.448139+00
16290b51-0d73-472b-8fd3-e6cc94122b23;1f621b93-6ca6-4600-8bf2-926a71e35f72;multiple_choice;「見る」の受身形は何ですか？;"[""見える"",""見られる"",""見させる"",""見よう""]";見られる;見る adalah kata kerja grup 2, bentuk pasifnya adalah 見られる;2026-02-06 13:09:56.448139+00
3c661f51-ee30-4f86-9555-ff53606f36a6;a26e3d9f-7c36-4f92-8ef4-4be1fdd98f10;multiple_choice;「私は先生＿褒められた」助詞は？;"[""が"",""を"",""に"",""で""]";に;Dalam kalimat pasif, pelaku ditandai dengan partikel に;2026-02-06 13:09:56.448139+00
1965805f-96c3-4c78-9625-2cc76ef99f7f;a26e3d9f-7c36-4f92-8ef4-4be1fdd98f10;multiple_choice;Apa arti「彼女はみんなに愛されている」?;"[""Dia mencintai semua orang"",""Dia dicintai semua orang"",""Semua orang mencintai"",""Dia ingin dicintai""]";Dia dicintai semua orang;Ini adalah kalimat pasif langsung yang menyatakan dia menerima cinta dari semua orang;2026-02-06 13:09:56.448139+00
92d1e0ce-99fb-4e0a-883d-2c1b018638dc;ee107ce2-6d6c-4a9f-8073-03f420e9c1fd;multiple_choice;Apa arti「雨に降られて困った」?;"[""Hujan turun"",""Kesulitan karena kehujanan"",""Ingin hujan"",""Melihat hujan""]";Kesulitan karena kehujanan;Ini adalah pasif ketidaknyamanan, menyatakan kerugian karena hujan;2026-02-06 13:09:56.448139+00
b91d7e49-9381-4c96-8541-8fc22f1df4ca;ee107ce2-6d6c-4a9f-8073-03f420e9c1fd;multiple_choice;「電車で足を踏まれた」の意味は？;"[""Menginjak kaki di kereta"",""Kaki saya diinjak di kereta"",""Naik kereta"",""Turun dari kereta""]";Kaki saya diinjak di kereta;Pasif ketidaknyamanan menunjukkan pengalaman tidak menyenangkan;2026-02-06 13:09:56.448139+00
4bc8252e-5e46-434d-b2f8-b5f3dc934ebf;f73a9975-9bd4-43fd-baab-f450a3ad3044;multiple_choice;「書く」の使役形は何ですか？;"[""書ける"",""書かれる"",""書かせる"",""書こう""]";書かせる;書く adalah kata kerja grup 1, bentuk kausatifnya adalah 書かせる (u → aseru);2026-02-06 13:09:56.448139+00
fd6e5eb3-08cd-4df3-9553-f141d9f91e91;f73a9975-9bd4-43fd-baab-f450a3ad3044;multiple_choice;「食べる」の使役形は何ですか？;"[""食べられる"",""食べさせる"",""食べれる"",""食べよう""]";食べさせる;食べる adalah kata kerja grup 2, bentuk kausatifnya adalah 食べさせる;2026-02-06 13:09:56.448139+00
2851b41c-ae3a-4266-a93f-79eab3a901a6;f73a9975-9bd4-43fd-baab-f450a3ad3044;multiple_choice;「来る」の使役形は何ですか？;"[""来られる"",""来させる"",""来れる"",""来よう""]";来させる;来る adalah kata kerja tidak beraturan, bentuk kausatifnya adalah 来させる;2026-02-06 13:09:56.448139+00
6a388b19-2d76-47d7-8dae-4a6df4877b35;7b02ad4f-9e49-43f9-9493-326fc5557eec;multiple_choice;「母は子供＿野菜を食べさせた」助詞は？;"[""が"",""を"",""に"",""で""]";に;Pelaku yang disuruh ditandai dengan partikel に;2026-02-06 13:09:56.448139+00
0e8ac65e-f470-476b-8d6d-1cfbf12c3603;7b02ad4f-9e49-43f9-9493-326fc5557eec;multiple_choice;Apa arti「私にやらせてください」?;"[""Saya melakukannya"",""Tolong biarkan saya melakukannya"",""Saya tidak bisa melakukannya"",""Tolong lakukan""]";Tolong biarkan saya melakukannya;～させてください adalah permintaan untuk diizinkan melakukan sesuatu;2026-02-06 13:09:56.448139+00
d3e4f001-7b7d-491a-a805-b0e204468efc;78ce51cb-8c58-45d4-a9d6-bd2209aca95e;multiple_choice;「毎日残業させられる」の意味は？;"[""Ingin lembur setiap hari"",""Dipaksa lembur setiap hari"",""Menyuruh lembur"",""Bisa lembur""]";Dipaksa lembur setiap hari;Kausatif-pasif menyatakan dipaksa melakukan sesuatu;2026-02-06 13:09:56.448139+00
29ea3bb1-e510-46d3-8e0a-c3eba2372ab8;78ce51cb-8c58-45d4-a9d6-bd2209aca95e;multiple_choice;「歌う」の使役受身形は何ですか？;"[""歌われる"",""歌わせる"",""歌わせられる"",""歌える""]";歌わせられる;Kausatif-pasif dibentuk dari bentuk kausatif + られる;2026-02-06 13:09:56.448139+00
d22ffb88-b5de-48d8-b369-ab416cba660a;4f8cd93b-e9ae-4d51-80fa-c2277d836e88;multiple_choice;「行く」の尊敬語は何ですか？;"[""参る"",""いらっしゃる"",""伺う"",""行かれる""]";いらっしゃる;いらっしゃる adalah bentuk hormat dari 行く, 来る, dan いる;2026-02-06 13:10:29.763741+00
9ab7c774-bb05-45b2-a158-4b1a8445bae0;4f8cd93b-e9ae-4d51-80fa-c2277d836e88;multiple_choice;「言う」の尊敬語は何ですか？;"[""申す"",""おっしゃる"",""言われる"",""伺う""]";おっしゃる;おっしゃる adalah bentuk hormat dari 言う;2026-02-06 13:10:29.763741+00
1a1828a2-e707-4a48-9c1a-389ffe9cf744;4f8cd93b-e9ae-4d51-80fa-c2277d836e88;multiple_choice;「食べる」の尊敬語は何ですか？;"[""いただく"",""召し上がる"",""食べられる"",""頂戴する""]";召し上がる;召し上がる adalah bentuk hormat dari 食べる dan 飲む;2026-02-06 13:10:29.763741+00
5f457531-5ae8-42b1-9e89-5848036b3607;a8104776-c431-4eee-a826-236d33cc37f9;multiple_choice;「行く」の謙譲語は何ですか？;"[""参る"",""いらっしゃる"",""行かれる"",""行こう""]";参る;参る adalah bentuk rendah diri dari 行く dan 来る;2026-02-06 13:10:29.763741+00
3a86ec1c-683a-4e9d-a6ec-99f0449c53fa;a8104776-c431-4eee-a826-236d33cc37f9;multiple_choice;「言う」の謙譲語は何ですか？;"[""おっしゃる"",""申す"",""言われる"",""話す""]";申す;申す adalah bentuk rendah diri dari 言う;2026-02-06 13:10:29.763741+00
349b6213-3e75-43f0-ab03-b96630eab208;a8104776-c431-4eee-a826-236d33cc37f9;multiple_choice;「もらう」の謙譲語は何ですか？;"[""くださる"",""いただく"",""もらえる"",""あげる""]";いただく;いただく adalah bentuk rendah diri dari もらう;2026-02-06 13:10:29.763741+00
11249fb8-5cf2-4281-98f7-b08e3861fbd0;7afa4720-946b-48b1-be47-5de872bdbf99;multiple_choice;「ある」の丁寧語は何ですか？;"[""あります"",""ございます"",""おあり"",""いらっしゃる""]";ございます;ございます adalah bentuk sangat sopan dari ある;2026-02-06 13:10:29.763741+00
4df05fb7-149e-4384-8eb6-e098da0ec0f7;7afa4720-946b-48b1-be47-5de872bdbf99;multiple_choice;「お＿」と「ご＿」の使い分けは？;"[""どちらも同じ"",""和語にはお、漢語にはご"",""漢語にはお、和語にはご"",""自由に使える""]";和語にはお、漢語にはご;お digunakan untuk kata asli Jepang (和語), ご untuk kata dari Cina (漢語);2026-02-06 13:10:29.763741+00
76d583f2-8ae9-4292-8097-7cfc3da5c2b6;639375ed-d667-4c1e-9006-884b87101747;multiple_choice;「行く」のば形は何ですか？;"[""行くば"",""行けば"",""行ったら"",""行くなら""]";行けば;行く adalah kata kerja grup 1, bentuk -ba adalah 行けば (u → eba);2026-02-06 13:10:29.763741+00
f3aa102e-54e8-41f6-998d-13f4b3e623c0;639375ed-d667-4c1e-9006-884b87101747;multiple_choice;「安い」のば形は何ですか？;"[""安いば"",""安ければ"",""安かったら"",""安いなら""]";安ければ;Kata sifat -i: hapus い, tambah ければ;2026-02-06 13:10:29.763741+00
dc3a54c7-afbf-4d35-8512-d3396f35518e;639375ed-d667-4c1e-9006-884b87101747;multiple_choice;Apa arti「勉強すればするほど分かる」?;"[""Kalau belajar akan mengerti"",""Semakin belajar semakin mengerti"",""Belajar dan mengerti"",""Tidak belajar tidak mengerti""]";Semakin belajar semakin mengerti;Pola ～ば～ほど menyatakan semakin... semakin...;2026-02-06 13:10:29.763741+00
c0c4a8bf-ac7a-4895-a512-df9f92fd800e;cc39b00f-9dad-45de-b8aa-aed961a4de48;multiple_choice;「雨が降っ＿、行きません」正しい形は？;"[""れば"",""たら"",""なら"",""と""]";たら;たら digunakan untuk kondisi yang akan terjadi di masa depan;2026-02-06 13:10:29.763741+00
48225c44-7993-4852-8d08-0de08d01f5d2;cc39b00f-9dad-45de-b8aa-aed961a4de48;multiple_choice;Apa arti「医者に行ったらどうですか」?;"[""Pergi ke dokter"",""Bagaimana kalau pergi ke dokter?"",""Tidak pergi ke dokter"",""Sudah ke dokter""]";Bagaimana kalau pergi ke dokter?;～たらどうですか adalah saran sopan;2026-02-06 13:10:29.763741+00
1c3eb19f-9b37-470a-9cd5-4649eae2f96d;af0436eb-25b3-491d-b0e4-c095160c8da5;multiple_choice;「春になる＿、桜が咲く」正しい形は？;"[""ば"",""たら"",""なら"",""と""]";と;と digunakan untuk kebenaran umum atau hasil yang pasti;2026-02-06 13:10:29.763741+00
b89da32f-4369-45c4-bc33-767abe14c30c;af0436eb-25b3-491d-b0e4-c095160c8da5;multiple_choice;「日本に行く＿、京都がいい」正しい形は？;"[""ば"",""たら"",""なら"",""と""]";なら;なら digunakan untuk memberi saran berdasarkan situasi lawan bicara;2026-02-06 13:10:29.763741+00
f7774799-4e48-4929-9099-b54859cc9d50;9c13073f-494c-44d1-83a9-3466336ca1a6;multiple_choice;自然現象に使うのは？;"[""ば"",""たら"",""なら"",""と""]";と;と digunakan untuk fenomena alam dan kebenaran umum;2026-02-06 13:10:29.763741+00
8a2e93b9-0bec-40bd-b043-4845a3f4c646;9c13073f-494c-44d1-83a9-3466336ca1a6;multiple_choice;アドバイスに使うのは？;"[""ばどうですか"",""たらどうですか"",""ならどうですか"",""とどうですか""]";たらどうですか;～たらどうですか adalah pola standar untuk memberi saran;2026-02-06 13:10:29.763741+00
0d431018-3548-4a8b-80d4-103e4f607dcb;801913e2-25d2-4f9b-9758-e5f9be8b4a39;multiple_choice;「雨が＿始めた」正しい形は？;"[""降って"",""降り"",""降る"",""降った""]";降り;V-ます形 (tanpa ます) + 始める, jadi 降ります → 降り始める;2026-02-06 13:11:19.777748+00
47b669a1-d8ce-466d-ab51-aa39aa9553f5;801913e2-25d2-4f9b-9758-e5f9be8b4a39;multiple_choice;Apa arti「本を読み終わった」?;"[""Mulai membaca buku"",""Selesai membaca buku"",""Sedang membaca buku"",""Ingin membaca buku""]";Selesai membaca buku;～終わる berarti selesai melakukan sesuatu;2026-02-06 13:11:19.777748+00
e7b0d19e-09a3-4580-9d4c-e598ccd2adba;801913e2-25d2-4f9b-9758-e5f9be8b4a39;multiple_choice;"「食べ＿」yang benar untuk ""mulai makan"" adalah？";"[""出す"",""続ける"",""始める"",""終わる""]";始める;～始める digunakan untuk menyatakan mulai melakukan sesuatu;2026-02-06 13:11:19.777748+00
b411b4f1-b0f8-4b07-89f8-79f0dcb48af6;626ac351-e253-438d-bfcc-213e5b5d2cd6;multiple_choice;Apa arti「子供が急に泣き出した」?;"[""Anak terus menangis"",""Anak tiba-tiba mulai menangis"",""Anak berhenti menangis"",""Anak ingin menangis""]";Anak tiba-tiba mulai menangis;～出す menyatakan aksi yang dimulai secara tiba-tiba;2026-02-06 13:11:19.777748+00
462d441d-18ac-499e-aff6-dc12aa674a8b;626ac351-e253-438d-bfcc-213e5b5d2cd6;multiple_choice;"「走り＿」yang benar untuk ""terus berlari"" adalah？";"[""始める"",""出す"",""続ける"",""終わる""]";続ける;～続ける menyatakan melanjutkan suatu aksi;2026-02-06 13:11:19.777748+00
ea810a7c-a7c5-4808-a11a-6a457de60f79;2a3a8380-b029-47a8-9310-e48fa10e446d;multiple_choice;Apa arti「プールに飛び込んだ」?;"[""Berenang di kolam"",""Melompat masuk ke kolam"",""Keluar dari kolam"",""Melihat kolam""]";Melompat masuk ke kolam;～込む menyatakan gerakan masuk ke dalam;2026-02-06 13:11:19.777748+00
ae73b8e3-a011-4184-9f60-f0ed7e0ecb14;2a3a8380-b029-47a8-9310-e48fa10e446d;multiple_choice;Apa arti「助け合う」?;"[""Membantu"",""Saling membantu"",""Dibantu"",""Minta bantuan""]";Saling membantu;～合う menyatakan aksi yang dilakukan bersama-sama/timbal balik;2026-02-06 13:11:19.777748+00
86ac55ae-e4e3-41be-992a-25e9d701de7f;2a3a8380-b029-47a8-9310-e48fa10e446d;multiple_choice;「話し合う」の意味は？;"[""Berbicara"",""Berdiskusi"",""Dibicarakan"",""Mendengar""]";Berdiskusi;話し合う berarti saling berbicara = berdiskusi;2026-02-06 13:11:19.777748+00
a4973e13-9bc7-404d-bc18-36752e772eb6;caf1d4e2-3652-4789-a1ee-53c1845b2566;multiple_choice;Apa arti「やり直す」?;"[""Melakukan"",""Mengulang/memperbaiki"",""Berhenti"",""Mulai""]";Mengulang/memperbaiki;～直す menyatakan mengulang atau memperbaiki sesuatu;2026-02-06 13:11:19.777748+00
f65f8ca5-6463-45da-b04b-692a681791e2;caf1d4e2-3652-4789-a1ee-53c1845b2566;multiple_choice;Apa arti「食べ過ぎた」?;"[""Makan sedikit"",""Makan berlebihan"",""Tidak makan"",""Ingin makan""]";Makan berlebihan;～過ぎる menyatakan melakukan sesuatu secara berlebihan;2026-02-06 13:11:19.777748+00
628f2529-d52e-442b-8ebb-d73482cd36af;088b72ab-3cf8-4c07-88e9-41cc25e367bb;multiple_choice;「お読みになりましたか」の意味は？;"[""Saya membaca"",""Apakah Anda sudah membaca?"",""Tolong baca"",""Sedang membaca""]";Apakah Anda sudah membaca?;お～になる adalah bentuk hormat;2026-02-06 13:11:19.777748+00
2c743ff1-221b-4ee5-a0a6-2a1f9f17ef7a;088b72ab-3cf8-4c07-88e9-41cc25e367bb;multiple_choice;「ご覧ください」の意味は？;"[""Saya lihat"",""Silakan lihat"",""Tolong lihat"",""Sedang melihat""]";Silakan lihat;ご覧ください adalah bentuk hormat dari 見てください;2026-02-06 13:11:19.777748+00
607fef45-ece0-4b82-a339-8ee1eae1bca0;55b5d5cd-782a-4703-9148-917d5bdeb4e2;multiple_choice;「ご連絡いたします」の意味は？;"[""Tolong hubungi"",""Saya akan menghubungi"",""Anda menghubungi"",""Dihubungi""]";Saya akan menghubungi;お/ご～いたす adalah bentuk rendah diri;2026-02-06 13:11:19.777748+00
c98a56f5-4605-4f00-bb64-7e6ddedd716b;55b5d5cd-782a-4703-9148-917d5bdeb4e2;multiple_choice;「お礼申し上げます」の意味は？;"[""Terima kasih"",""Saya mengucapkan terima kasih"",""Tolong terima"",""Diterima""]";Saya mengucapkan terima kasih;申し上げる adalah bentuk sangat rendah diri;2026-02-06 13:11:19.777748+00
368e8abd-721c-42d4-9192-02e1271dfdce;220d26db-d131-4155-861d-ed4e4ad148a9;multiple_choice;二重敬語の例は？;"[""お読みになる"",""お召し上がりになられる"",""ご覧ください"",""いらっしゃる""]";お召し上がりになられる;お召し上がりになられる adalah keigo ganda (kesalahan);2026-02-06 13:11:19.777748+00
68194cd7-724b-4f09-aa25-60a6eddfe450;220d26db-d131-4155-861d-ed4e4ad148a9;multiple_choice;「社長がおっしゃった」は何敬語？;"[""尊敬語"",""謙譲語"",""丁寧語"",""美化語""]";尊敬語;おっしゃる adalah bentuk hormat (尊敬語) dari 言う;2026-02-06 13:11:19.777748+00
0834977d-6163-422f-8dce-0c32e74a9e28;576c9e55-1127-48f6-99fa-69449aa66a39;multiple_choice;「毎日運動する＿している」正しい形は？;"[""ことに"",""ようにして"",""ために"",""ので""]";ようにして;～ようにしている menyatakan kebiasaan yang diusahakan;2026-02-06 13:11:19.777748+00
db8a94e9-fd2e-4ed3-a100-154b75d11cb5;576c9e55-1127-48f6-99fa-69449aa66a39;multiple_choice;Apa arti「転職することにした」?;"[""Ingin pindah kerja"",""Memutuskan pindah kerja"",""Berusaha pindah kerja"",""Tidak pindah kerja""]";Memutuskan pindah kerja;～ことにする menyatakan keputusan;2026-02-06 13:11:19.777748+00
b35712c9-a315-4df7-8147-5f7634e2e95c;070ad1ab-34fa-40ea-9336-4af56554f8d1;multiple_choice;Apa arti「約束を破るわけにはいかない」?;"[""Janji rusak"",""Tidak bisa mengingkari janji"",""Ingin mengingkari janji"",""Mengingkari janji""]";Tidak bisa mengingkari janji;～わけにはいかない menyatakan tidak bisa melakukan sesuatu karena alasan moral/sosial;2026-02-06 13:11:19.777748+00
8438d260-1c55-4dd3-aab7-c8c2853d7fe4;070ad1ab-34fa-40ea-9336-4af56554f8d1;multiple_choice;Apa arti「残業せざるを得ない」?;"[""Ingin lembur"",""Terpaksa lembur"",""Tidak lembur"",""Bisa lembur""]";Terpaksa lembur;～ざるを得ない menyatakan terpaksa melakukan sesuatu;2026-02-06 13:11:19.777748+00
22967ac3-edcf-42e6-9cd6-9ee170191f72;52b534d9-5837-442d-abe8-f28c571f37f6;multiple_choice;「この問題＿意見がある」正しい助詞は？;"[""について"",""に対して"",""として"",""にとって""]";に対して;に対して digunakan untuk menyatakan sikap atau reaksi terhadap sesuatu;2026-02-06 13:11:19.777748+00
919381f8-9637-4fd7-9d34-89d0e999da13;52b534d9-5837-442d-abe8-f28c571f37f6;multiple_choice;「日本文化＿研究している」正しい助詞は？;"[""について"",""に対して"",""として"",""にとって""]";について;について digunakan untuk menyatakan topik pembicaraan atau penelitian;2026-02-06 13:11:19.777748+00
dd88a8b9-d5c7-4782-a48e-053717d06e06;d1dcb62d-96c8-4c9f-b283-36cff5a9053c;multiple_choice;「通訳＿働く」正しい助詞は？;"[""について"",""に対して"",""として"",""にとって""]";として;として digunakan untuk menyatakan kapasitas atau peran;2026-02-06 13:11:19.777748+00
e8369e6a-0c60-454f-9d68-a31ca8481dfe;d1dcb62d-96c8-4c9f-b283-36cff5a9053c;multiple_choice;「私＿大切な人」正しい助詞は？;"[""について"",""に対して"",""として"",""にとって""]";にとって;にとって digunakan untuk menyatakan perspektif atau sudut pandang;2026-02-06 13:11:19.777748+00
64e9e4bd-d725-4968-ba5a-c420af0bb4f9;c10b6d3a-92e2-49aa-9078-d0235055d3dd;multiple_choice;「したがって」の意味は？;"[""Namun"",""Oleh karena itu"",""Di sisi lain"",""Meskipun""]";Oleh karena itu;したがって menyatakan hasil atau kesimpulan;2026-02-06 13:11:57.750945+00
eaea2a4e-bee5-4423-9a9a-a3532f0b5717;c10b6d3a-92e2-49aa-9078-d0235055d3dd;multiple_choice;「それにもかかわらず」の意味は？;"[""Oleh karena itu"",""Meskipun demikian"",""Selain itu"",""Dengan kata lain""]";Meskipun demikian;それにもかかわらず menyatakan kontras atau pertentangan;2026-02-06 13:11:57.750945+00
844eb2ab-9fc5-4347-8b49-0d3d7e86cab1;c10b6d3a-92e2-49aa-9078-d0235055d3dd;multiple_choice;「一方」の意味は？;"[""Oleh karena itu"",""Meskipun"",""Di sisi lain"",""Selain itu""]";Di sisi lain;一方 digunakan untuk membandingkan dua hal;2026-02-06 13:11:57.750945+00
6ee9d69b-1847-4f25-ae6e-5ccd7e26f182;16283f16-c49a-4ff4-963f-433f99d66013;multiple_choice;「これ」biasanya merujuk ke？;"[""Hal yang dekat dengan pembicara"",""Hal yang dekat dengan pendengar"",""Hal yang jauh"",""Hal yang sudah disebut""]";Hal yang dekat dengan pembicara;これ merujuk ke hal yang dekat dengan pembicara;2026-02-06 13:11:57.750945+00
e5882ed4-8234-4273-a0e8-3fa1d4c91d68;16283f16-c49a-4ff4-963f-433f99d66013;multiple_choice;「そのような」の意味は？;"[""Seperti ini"",""Seperti itu"",""Seperti apa"",""Bagaimana""]";Seperti itu;そのような merujuk ke hal yang sudah disebutkan sebelumnya;2026-02-06 13:11:57.750945+00
d28dca40-2abd-4d4c-b8a3-1525d578f4ac;de304c34-4ae9-4de7-9af6-d77ec5eaaea2;multiple_choice;「つまり」の意味は？;"[""Namun"",""Dengan kata lain"",""Selain itu"",""Oleh karena itu""]";Dengan kata lain;つまり digunakan untuk meringkas atau memperjelas;2026-02-06 13:11:57.750945+00
4cb476ad-57dd-4757-b8d3-5a59d0b7b51d;de304c34-4ae9-4de7-9af6-d77ec5eaaea2;multiple_choice;「筆者」の意味は？;"[""Pembaca"",""Penulis"",""Editor"",""Penerjemah""]";Penulis;筆者 berarti penulis (dalam konteks teks/artikel);2026-02-06 13:11:57.750945+00
3a2cdf03-378d-41ab-b5f3-b5c76b63ef87;de304c34-4ae9-4de7-9af6-d77ec5eaaea2;multiple_choice;「要点」の意味は？;"[""Detail"",""Poin utama"",""Contoh"",""Kesimpulan""]";Poin utama;要点 berarti poin-poin penting;2026-02-06 13:11:57.750945+00
ce22c738-a48d-4482-acbc-b8d2d97f9de5;771b81d5-0d97-41be-a071-a9c221f37408;multiple_choice;Email bisnis biasanya dimulai dengan？;"[""こんにちは"",""お世話になっております"",""元気ですか"",""久しぶり""]";お世話になっております;お世話になっております adalah salam standar dalam email bisnis;2026-02-06 13:11:57.750945+00
34c91918-7545-4553-ba62-df2e3f775e32;771b81d5-0d97-41be-a071-a9c221f37408;multiple_choice;「添付ファイルをご確認ください」の意味は？;"[""Tolong kirim file"",""Mohon periksa file terlampir"",""File tidak ada"",""Hapus file""]";Mohon periksa file terlampir;Ini adalah permintaan sopan untuk memeriksa lampiran;2026-02-06 13:11:57.750945+00
75073a92-3e7d-4dcc-9de0-ba9f89ca8525;771b81d5-0d97-41be-a071-a9c221f37408;multiple_choice;「ご査収のほどよろしくお願いいたします」digunakan untuk？;"[""Menolak dokumen"",""Meminta penerima memeriksa dan menerima dokumen"",""Mengirim dokumen"",""Menghapus dokumen""]";Meminta penerima memeriksa dan menerima dokumen;Ini adalah ungkapan formal untuk meminta konfirmasi penerimaan;2026-02-06 13:11:57.750945+00
e6bc0941-9426-4a72-8f1d-9af3e5d47bfb;53e3068e-9903-4743-a772-60324009e696;multiple_choice;Saat menjawab telepon kantor, kita berkata？;"[""もしもし"",""はい、〇〇会社でございます"",""こんにちは"",""何ですか""]";はい、〇〇会社でございます;Jawaban telepon kantor yang sopan menggunakan でございます;2026-02-06 13:11:57.750945+00
008afcc4-f017-4a58-99a2-f918bbecf792;53e3068e-9903-4743-a772-60324009e696;multiple_choice;「少々お待ちください」の意味は？;"[""Silakan duduk"",""Mohon tunggu sebentar"",""Silakan pergi"",""Terima kasih""]";Mohon tunggu sebentar;Ungkapan sopan untuk meminta menunggu;2026-02-06 13:11:57.750945+00
4c60686c-a6f6-40bb-977a-9d2f85da73f3;53e3068e-9903-4743-a772-60324009e696;multiple_choice;「折り返しお電話いたします」の意味は？;"[""Tolong telepon"",""Saya akan menelepon balik"",""Jangan telepon"",""Telepon sekarang""]";Saya akan menelepon balik;折り返す berarti menelepon kembali;2026-02-06 13:11:57.750945+00
eee2cca9-680c-4ba8-8b9b-9da7c7f2de31;8c50836e-81ff-406c-b604-0427069b4fb9;multiple_choice;「ご検討をお願いします」の意味は？;"[""Tolong beli"",""Mohon pertimbangannya"",""Jangan pikir"",""Sudah diputuskan""]";Mohon pertimbangannya;検討 berarti pertimbangan, ini adalah permintaan sopan;2026-02-06 13:11:57.750945+00
4e870999-8725-4c5c-8163-e77cce560996;8c50836e-81ff-406c-b604-0427069b4fb9;multiple_choice;「この提案に賛成です」の意味は？;"[""Saya menolak usulan ini"",""Saya setuju dengan usulan ini"",""Saya tidak tahu"",""Tolong jelaskan""]";Saya setuju dengan usulan ini;賛成 berarti setuju atau mendukung;2026-02-06 13:11:57.750945+00
142a4eb7-e9dc-4017-89f4-280c833f9eae;8c50836e-81ff-406c-b604-0427069b4fb9;multiple_choice;「問題ないと存じます」の意味は？;"[""Ada masalah"",""Saya pikir tidak ada masalah"",""Saya tidak tahu"",""Tolong perbaiki""]";Saya pikir tidak ada masalah;存じます adalah bentuk rendah diri dari 思います;2026-02-06 13:11:57.750945+00
428a5a97-980a-4802-b19f-b38364b157b0;4a6e7bd3-56ac-4060-96aa-f20670c556c2;multiple_choice;Presentasi biasanya diakhiri dengan？;"[""さようなら"",""ご清聴ありがとうございました"",""終わり"",""以上""]";ご清聴ありがとうございました;Ungkapan sopan untuk mengakhiri presentasi;2026-02-06 13:11:57.750945+00
48ecc394-48a7-4d53-a8c6-42b59f8a5e8a;4a6e7bd3-56ac-4060-96aa-f20670c556c2;multiple_choice;「本日の発表テーマは」digunakan untuk？;"[""Mengakhiri presentasi"",""Memperkenalkan topik presentasi"",""Bertanya"",""Menjawab pertanyaan""]";Memperkenalkan topik presentasi;Ungkapan untuk memulai dan memperkenalkan topik;2026-02-06 13:11:57.750945+00
a41d1606-b51a-4aa5-98ca-9104c1f5ca8c;4a6e7bd3-56ac-4060-96aa-f20670c556c2;multiple_choice;「結論として」の意味は？;"[""Sebagai pembukaan"",""Sebagai kesimpulan"",""Sebagai contoh"",""Sebagai pertanyaan""]";Sebagai kesimpulan;結論として digunakan untuk menyampaikan kesimpulan;2026-02-06 13:11:57.750945+00